// Generated by tools/gen_cubic11/main.go – DO NOT EDIT
// Cubic-11 pre-rasterized bitmaps (Go sfnt + Otsu threshold)
// Regenerate: cd tools/gen_cubic11 && go run main.go > ../../static/js/cubic11.js
/* global CUBIC11 */
const CUBIC11 = {};

CUBIC11[8] = {
  ' ':{w:3,h:1,rows:[0x0]},
  '!':{w:3,h:6,rows:[0x6,0x0,0x6,0x6,0x6,0x6]},
  '"':{w:4,h:2,rows:[0xE,0xE]},
  '#':{w:5,h:5,rows:[0x1E,0x1E,0x1E,0x1E,0x1E]},
  '$':{w:5,h:6,rows:[0xC,0x1A,0xA,0x1C,0x14,0x16]},
  '%':{w:5,h:6,rows:[0x2,0x15,0xE,0xC,0x1E,0x1D]},
  '&':{w:5,h:6,rows:[0xE,0x16,0x16,0x1A,0x14,0x1C]},
  "'":{w:3,h:2,rows:[0x6,0x6]},
  '(':{w:4,h:7,rows:[0x2,0x6,0x4,0xC,0xC,0xC,0x4]},
  ')':{w:4,h:6,rows:[0x4,0x4,0x2,0x2,0x2,0x4]},
  '*':{w:4,h:4,rows:[0xC,0x6,0x6,0xC]},
  '+':{w:5,h:5,rows:[0x4,0x4,0x1F,0x4,0x4]},
  ',':{w:3,h:2,rows:[0x4,0x6]},
  '-':{w:5,h:1,rows:[0x1E]},
  '.':{w:3,h:1,rows:[0x6]},
  '/':{w:5,h:6,rows:[0x18,0x8,0x4,0x4,0x6,0x2]},
  '0':{w:5,h:6,rows:[0xC,0x1A,0x1A,0x1A,0x1A,0xE]},
  '1':{w:4,h:6,rows:[0x2,0x2,0x2,0x2,0x2,0x6]},
  '2':{w:5,h:6,rows:[0xE,0x8,0x4,0x2,0x2,0xE]},
  '3':{w:5,h:6,rows:[0xC,0x2,0x2,0xC,0x4,0xE]},
  '4':{w:5,h:5,rows:[0x1E,0x1E,0xE,0xE,0x6]},
  '5':{w:5,h:6,rows:[0xC,0x1A,0x2,0xE,0x1C,0x1E]},
  '6':{w:5,h:6,rows:[0xC,0x1A,0x1A,0x1E,0x1C,0xC]},
  '7':{w:5,h:6,rows:[0x8,0x8,0x4,0x6,0x2,0xE]},
  '8':{w:5,h:6,rows:[0xC,0x1A,0x1A,0xE,0x1A,0xE]},
  '9':{w:5,h:6,rows:[0xC,0x2,0xE,0x1A,0x1A,0xE]},
  ':':{w:3,h:5,rows:[0x6,0x0,0x0,0x6,0x6]},
  ';':{w:3,h:2,rows:[0x4,0x6]},
  '<':{w:5,h:6,rows:[0x2,0x6,0xC,0x18,0xC,0x6]},
  '=':{w:5,h:3,rows:[0x1E,0x1E,0x1E]},
  '>':{w:5,h:5,rows:[0x8,0x4,0x2,0x4,0x8]},
  '?':{w:5,h:6,rows:[0x8,0x0,0x8,0x4,0x12,0x1E]},
  '@':{w:5,h:6,rows:[0xE,0x16,0x1F,0x19,0x17,0xF]},
  'A':{w:5,h:6,rows:[0x11,0x1F,0x1E,0xA,0xE,0x4]},
  'B':{w:5,h:6,rows:[0x1C,0x12,0x12,0x1E,0x12,0x1E]},
  'C':{w:5,h:6,rows:[0xC,0x12,0x10,0x10,0x10,0xE]},
  'D':{w:5,h:6,rows:[0x1C,0x12,0x11,0x11,0x11,0x1E]},
  'E':{w:5,h:6,rows:[0x1E,0x10,0x10,0x1C,0x10,0x10]},
  'F':{w:5,h:6,rows:[0x10,0x10,0x10,0x1C,0x10,0x1E]},
  'G':{w:5,h:6,rows:[0xD,0x13,0x11,0x13,0x10,0xF]},
  'H':{w:5,h:6,rows:[0x11,0x11,0x11,0x1F,0x11,0x11]},
  'I':{w:3,h:6,rows:[0x6,0x6,0x6,0x6,0x6,0x6]},
  'J':{w:5,h:6,rows:[0xC,0x12,0x2,0x2,0x2,0x2]},
  'K':{w:5,h:6,rows:[0x12,0x14,0x18,0x18,0x14,0x12]},
  'L':{w:5,h:6,rows:[0x1E,0x10,0x10,0x10,0x10,0x10]},
  'M':{w:7,h:6,rows:[0x42,0x42,0x42,0x5A,0x66,0x42]},
  'N':{w:5,h:6,rows:[0x11,0x11,0x13,0x15,0x19,0x11]},
  'O':{w:5,h:6,rows:[0xC,0x12,0x11,0x11,0x11,0xE]},
  'P':{w:5,h:6,rows:[0x10,0x10,0x10,0x1E,0x12,0x1E]},
  'Q':{w:5,h:7,rows:[0x3,0xE,0x12,0x11,0x11,0x11,0xE]},
  'R':{w:5,h:6,rows:[0x12,0x14,0x18,0x1E,0x12,0x1E]},
  'S':{w:5,h:6,rows:[0xC,0x12,0x2,0x1C,0x10,0x1E]},
  'T':{w:5,h:6,rows:[0x4,0x4,0x4,0x4,0x4,0x1E]},
  'U':{w:5,h:6,rows:[0xC,0x12,0x11,0x11,0x11,0x11]},
  'V':{w:5,h:6,rows:[0x4,0x4,0xE,0x1A,0x1A,0x11]},
  'W':{w:7,h:6,rows:[0x24,0x24,0x3C,0x7E,0x5A,0x5A]},
  'X':{w:5,h:6,rows:[0x12,0x12,0x1E,0xC,0x1E,0x12]},
  'Y':{w:5,h:6,rows:[0x4,0x4,0x4,0xA,0x1A,0x11]},
  'Z':{w:5,h:6,rows:[0x1E,0x10,0x10,0x8,0x4,0x1E]},
  '[':{w:4,h:7,rows:[0x6,0xE,0xC,0xC,0xC,0xC,0xC]},
  '\\':{w:5,h:7,rows:[0x2,0x2,0x6,0x4,0xC,0x8,0x18]},
  ']':{w:4,h:7,rows:[0x4,0x6,0x2,0x2,0x2,0x2,0x2]},
  '^':{w:4,h:1,rows:[0xA]},
  '_':{w:5,h:2,rows:[0x1E,0x1E]},
  '`':{w:3,h:1,rows:[0x6]},
  'a':{w:4,h:5,rows:[0x6,0xB,0xF,0x6,0x4]},
  'b':{w:4,h:6,rows:[0xE,0xB,0xB,0xE,0xC,0x8]},
  'c':{w:4,h:5,rows:[0x6,0x8,0x8,0xE,0x4]},
  'd':{w:4,h:6,rows:[0x6,0xB,0xB,0xF,0x7,0x3]},
  'e':{w:4,h:5,rows:[0x6,0x8,0xE,0xE,0x4]},
  'f':{w:4,h:6,rows:[0x4,0x4,0x4,0xE,0xE,0x6]},
  'g':{w:4,h:7,rows:[0x6,0xB,0x7,0xB,0xB,0xF,0x6]},
  'h':{w:4,h:6,rows:[0x8,0xB,0xB,0xE,0x8,0x8]},
  'i':{w:3,h:4,rows:[0x6,0x6,0x6,0x6]},
  'j':{w:3,h:5,rows:[0x4,0x6,0x6,0x6,0x6]},
  'k':{w:4,h:6,rows:[0x8,0xA,0xC,0xC,0x8,0x8]},
  'l':{w:3,h:6,rows:[0x6,0x6,0x6,0x6,0x6,0x6]},
  'm':{w:5,h:5,rows:[0x15,0x15,0x15,0x1F,0x1E]},
  'n':{w:4,h:4,rows:[0x8,0xB,0xB,0xE]},
  'o':{w:4,h:5,rows:[0xE,0xB,0xB,0xF,0x6]},
  'p':{w:4,h:7,rows:[0x8,0x8,0xE,0xB,0xB,0xE,0xC]},
  'q':{w:4,h:7,rows:[0x3,0x3,0xF,0xB,0xB,0xF,0x6]},
  'r':{w:3,h:4,rows:[0x4,0x4,0x4,0x6]},
  's':{w:4,h:5,rows:[0xE,0xB,0xE,0xE,0x6]},
  't':{w:3,h:6,rows:[0x3,0x6,0x6,0x7,0x7,0x6]},
  'u':{w:4,h:4,rows:[0x4,0xB,0xB,0xB]},
  'v':{w:4,h:4,rows:[0x4,0x4,0xE,0xB]},
  'w':{w:7,h:4,rows:[0x24,0x24,0x7E,0x5A]},
  'x':{w:4,h:5,rows:[0xB,0xE,0x4,0xE,0x8]},
  'y':{w:4,h:6,rows:[0x6,0xB,0x7,0xB,0xB,0xB]},
  'z':{w:4,h:5,rows:[0xE,0x8,0x4,0xE,0xE]},
  '{':{w:5,h:7,rows:[0x2,0x6,0x4,0x4,0x8,0x4,0x4]},
  '|':{w:4,h:6,rows:[0x4,0x4,0x4,0x4,0x4,0x4]},
  '}':{w:5,h:7,rows:[0x8,0xC,0x4,0x4,0x6,0x4,0x4]},
  '~':{w:5,h:2,rows:[0x14,0xA]},
  '零':{w:9,h:6,rows:[0x24,0xFC,0xBA,0x6C,0x5A,0xFE]},
  '一':{w:9,h:1,rows:[0xFE]},
  '二':{w:9,h:6,rows:[0xFE,0x0,0x0,0x0,0x0,0xFC]},
  '三':{w:9,h:7,rows:[0xFE,0xFE,0x0,0x0,0x7C,0x0,0xFC]},
  '四':{w:9,h:6,rows:[0x1FE,0x182,0x18E,0x1DA,0x1FA,0x1FE]},
  '五':{w:9,h:7,rows:[0xFE,0xFE,0x64,0x24,0x7C,0x78,0x10]},
  '六':{w:9,h:6,rows:[0x182,0x86,0x44,0x44,0x0,0xFE]},
  '七':{w:9,h:7,rows:[0x3E,0x7E,0x62,0x60,0xE0,0xF8,0x66]},
  '八':{w:9,h:6,rows:[0x182,0x86,0x84,0x44,0x48,0x8]},
  '九':{w:9,h:7,rows:[0x86,0xCE,0x6A,0x28,0x28,0x28,0xF8]},
  '十':{w:9,h:6,rows:[0x10,0x10,0x10,0xFE,0xFE,0x10]},
  '百':{w:9,h:7,rows:[0x7C,0xFE,0x86,0xFE,0x86,0xFE,0x20]},
  '千':{w:9,h:6,rows:[0x10,0x10,0x10,0xFE,0x10,0x10]},
  '萬':{w:9,h:6,rows:[0x7E,0x96,0x54,0x7C,0x7C,0x68]},
  '億':{w:9,h:7,rows:[0x18,0xDE,0x9E,0xBE,0xBE,0xBE,0xFE]},
  '兆':{w:9,h:7,rows:[0x8E,0xDE,0x7A,0xFE,0x7C,0x7C,0xFE]},
  '度':{w:9,h:7,rows:[0x46,0x7E,0x1BC,0xBC,0xBC,0xFE,0xFE]},
  '分':{w:9,h:7,rows:[0x8,0x4C,0x24,0x24,0xFE,0x82,0x44]},
  '秒':{w:9,h:7,rows:[0x10,0x5C,0xC2,0xC8,0xC8,0xEA,0xD8]},
  '時':{w:9,h:7,rows:[0x4,0xC6,0x1F6,0x1FE,0x1FE,0x1FE,0x1FE]},
  '日':{w:9,h:7,rows:[0x7C,0xFE,0x86,0x86,0xFE,0x86,0x86]},
  '月':{w:9,h:7,rows:[0x4,0x186,0x86,0xFE,0x86,0xFE,0x86]},
  '年':{w:9,h:6,rows:[0x18,0xFE,0xFE,0x7C,0x1FC,0xFE]},
  '週':{w:9,h:7,rows:[0x1E,0xBE,0x5E,0xFE,0x3E,0xBE,0x2E]},
  '上':{w:9,h:7,rows:[0xFE,0xFE,0x20,0x20,0x3C,0x3C,0x20]},
  '下':{w:9,h:6,rows:[0x20,0x20,0x20,0x2C,0x38,0x20]},
  '左':{w:9,h:7,rows:[0x3E,0x3E,0x88,0x48,0x7E,0x60,0xFE]},
  '右':{w:9,h:7,rows:[0x3C,0x7E,0xE6,0xE6,0x7E,0x30,0xFE]},
  '前':{w:9,h:7,rows:[0x24,0xA6,0xFE,0xFE,0xFE,0xFE,0xFE]},
  '後':{w:9,h:7,rows:[0x22,0xBE,0xBE,0x9C,0xBE,0x1E,0xA8]},
  '內':{w:9,h:7,rows:[0x6,0x186,0x182,0x1CA,0x1B2,0x192,0xFE]},
  '外':{w:9,h:7,rows:[0x80,0xC8,0x68,0x2A,0x1EC,0xA8,0xE8]},
  '中':{w:9,h:6,rows:[0x10,0x10,0xFE,0x12,0x12,0xFE]},
  '心':{w:9,h:7,rows:[0x38,0x7C,0x1E6,0xE2,0xE6,0x60,0x10]},
  '開':{w:9,h:7,rows:[0x2,0x1BA,0x1FE,0x1FE,0x1EE,0x1FE,0x1FE]},
  '關':{w:9,h:7,rows:[0x2,0x1FE,0x1FE,0x1FE,0x1EE,0x1FE,0x1FE]},
  '閉':{w:9,h:7,rows:[0x12,0x1DA,0x1BA,0x1FE,0x1FE,0x1FE,0x1FE]},
  '進':{w:9,h:6,rows:[0xA0,0x5E,0xD4,0x1E,0x9E,0x34]},
  '出':{w:9,h:7,rows:[0xFE,0x1FE,0x192,0x10,0x7C,0xFE,0x96]},
  '停':{w:9,h:7,rows:[0x18,0x98,0x9E,0xBE,0xBE,0xBC,0xFE]},
  '啟':{w:9,h:7,rows:[0x70,0x7A,0x1F4,0xEC,0xEE,0xE6,0x9E]},
  '設':{w:9,h:7,rows:[0x82,0x1DE,0x1D4,0xBE,0x86,0x96,0xD4]},
  '定':{w:9,h:7,rows:[0x8E,0xFE,0x5C,0x5C,0x7C,0x1FE,0x1FE]},
  '確':{w:9,h:6,rows:[0xD4,0x9E,0x9E,0xF4,0x5C,0x7A]},
  '認':{w:9,h:7,rows:[0x88,0x1DA,0x1E8,0x80,0xA6,0x9A,0xDA]},
  '取':{w:9,h:6,rows:[0xB2,0xEC,0xAC,0xEA,0xBA,0xEE]},
  '消':{w:9,h:7,rows:[0x2,0xA2,0x7E,0x3E,0xBE,0x1E,0x9A]},
  '返':{w:9,h:7,rows:[0x1E,0xBE,0x5A,0xE4,0x2E,0x96,0x1C]},
  '回':{w:9,h:7,rows:[0xFE,0x1FE,0x1BA,0x1FA,0x1EA,0x1FA,0x182]},
  '選':{w:9,h:7,rows:[0x1E,0xBE,0x76,0xFE,0x1E,0xBE,0x3E]},
  '擇':{w:9,h:6,rows:[0xBE,0x88,0xD6,0xBE,0xBE,0xE6]},
  '切':{w:9,h:6,rows:[0x24,0x62,0x92,0x9A,0xDA,0x9A]},
  '換':{w:9,h:6,rows:[0x92,0x9C,0xEA,0xB6,0xA6,0xFE]},
  '模':{w:9,h:6,rows:[0x52,0x48,0xF2,0xDE,0x5E,0xFE]},
  '式':{w:9,h:7,rows:[0x80,0xF2,0x66,0x64,0xF4,0x8,0xFE]},
  '音':{w:9,h:7,rows:[0x78,0x7C,0x7C,0x7C,0xFE,0xFE,0x7C]},
  '量':{w:9,h:6,rows:[0x10,0xFC,0x7C,0x54,0x44,0x7C]},
  '亮':{w:9,h:7,rows:[0x8E,0xDE,0x78,0x1FE,0x78,0x7C,0xFE]},
  '溫':{w:9,h:7,rows:[0x3E,0xBE,0x7E,0x3E,0x9C,0x3E,0xBE]},
  '濕':{w:9,h:6,rows:[0x1BE,0x96,0x3E,0x9E,0x3E,0xBE]},
  '速':{w:9,h:7,rows:[0x1E,0xBE,0x6A,0xD8,0x3E,0xBE,0x1E]},
  '電':{w:9,h:7,rows:[0x1E,0x1E,0xFE,0xFE,0xFE,0xFE,0xFE]},
  '壓':{w:9,h:7,rows:[0xFE,0xFE,0x1FE,0x1F2,0x1FC,0x1FE,0x1F6]},
  '流':{w:9,h:7,rows:[0x2,0x1FE,0xBC,0x3C,0xBA,0x3E,0xBE]},
  '功':{w:9,h:6,rows:[0x94,0x52,0x42,0x4A,0x4A,0x7E]},
  '率':{w:9,h:6,rows:[0x10,0xFE,0x3A,0xA8,0x74,0xFE]},
  '頻':{w:9,h:7,rows:[0x90,0xDA,0x7E,0xFE,0x7E,0xFE,0x1EE]},
  '首':{w:9,h:6,rows:[0x44,0x7C,0x7C,0x44,0x20,0xFE]},
  '頁':{w:9,h:7,rows:[0x82,0xC6,0x7C,0x7C,0x7C,0x7C,0x7C]},
  '目':{w:9,h:7,rows:[0x7C,0xFE,0x86,0xFE,0x86,0xFE,0x86]},
  '錄':{w:9,h:7,rows:[0xC8,0xEA,0x1DC,0x7C,0xFE,0xFE,0x9E]},
  '資':{w:9,h:7,rows:[0x82,0xFE,0x7C,0x7C,0xFE,0x14,0xBE]},
  '料':{w:9,h:6,rows:[0x46,0xFE,0xC6,0xD6,0xC6,0x1CE]},
  '檔':{w:9,h:6,rows:[0x6A,0x7E,0xFE,0xC0,0x6E,0xFE]},
  '案':{w:9,h:7,rows:[0x82,0xD6,0xFE,0xFE,0x78,0xFE,0x1FE]},
  '儲':{w:9,h:6,rows:[0xBA,0xBE,0x8E,0x84,0x86,0xF4]},
  '存':{w:9,h:7,rows:[0x8,0x88,0xBE,0xBE,0x84,0x5E,0xFE]},
  '載':{w:9,h:7,rows:[0x8,0xFE,0xFE,0xFE,0xF6,0xFE,0x68]},
  '入':{w:9,h:6,rows:[0x82,0x44,0x68,0x38,0x10,0x10]},
  '匯':{w:9,h:7,rows:[0xFE,0x1FE,0x1DC,0x198,0x1FC,0x1FC,0x1DC]},
  '連':{w:9,h:7,rows:[0x1E,0xBE,0x5E,0xFE,0x3E,0xBE,0x1E]},
  '接':{w:9,h:7,rows:[0x82,0x9E,0xB6,0xFE,0xBE,0xBE,0xDE]},
  '斷':{w:9,h:6,rows:[0xF6,0x1FE,0x1FE,0x1FE,0x1FE,0x1F8]},
  '線':{w:9,h:6,rows:[0x56,0x56,0xC4,0x9E,0xDE,0x92]},
  '搜':{w:9,h:7,rows:[0xA2,0xBE,0x9E,0xDE,0xBA,0xBA,0xEA]},
  '尋':{w:9,h:6,rows:[0x44,0xFE,0xEC,0x6C,0x4,0xFE]},
  '配':{w:9,h:7,rows:[0xEE,0x1FE,0x1F8,0x1B8,0x1FE,0x1EE,0xE2]},
  '對':{w:9,h:7,rows:[0xE4,0xE6,0xE6,0xEE,0xE6,0xE6,0xFE]},
  '已':{w:9,h:7,rows:[0x7E,0xFE,0x82,0x80,0xFC,0xFE,0x6]},
  '完':{w:9,h:7,rows:[0x8E,0xDE,0x78,0xFC,0x0,0x7E,0x1FE]},
  '成':{w:9,h:7,rows:[0x2,0x196,0xAA,0xAC,0xFC,0xFE,0xFE]},
  '失':{w:9,h:7,rows:[0x82,0xC6,0x28,0x10,0x1FE,0x90,0x7C]},
  '敗':{w:9,h:6,rows:[0xBA,0xE4,0x1EC,0x1EE,0x1E6,0x1FE]},
  '錯':{w:9,h:7,rows:[0xFE,0xFE,0x1DE,0x5E,0xFE,0xFE,0x9E]},
  '誤':{w:9,h:7,rows:[0x82,0x1D6,0x1DE,0x9E,0xBE,0xAC,0xFE]},
  '警':{w:9,h:7,rows:[0x78,0x7C,0x7C,0x7C,0xFE,0xFC,0xFE]},
  '告':{w:9,h:7,rows:[0x78,0x7C,0x7C,0x78,0x1FE,0x90,0x7C]},
  '顯':{w:9,h:6,rows:[0xFA,0xFE,0x1FE,0xFE,0x1FE,0x1EE]},
  '示':{w:9,h:6,rows:[0x30,0x1B2,0xD6,0x54,0xFE,0xFE]},
  '隱':{w:9,h:7,rows:[0x8,0x1DE,0x19E,0x1DE,0x1FE,0x1FE,0x1DA]},
  '藏':{w:9,h:7,rows:[0x8,0x1FE,0x1F6,0xFE,0x1F6,0x1FE,0xFE]},
  '用':{w:9,h:6,rows:[0x12,0x92,0xFE,0x92,0xFE,0x92]},
  '自':{w:9,h:7,rows:[0xFC,0xFE,0xFE,0xFE,0xFE,0xFE,0xFE]},
  '動':{w:9,h:6,rows:[0x44,0xE2,0xEA,0xEA,0xEA,0xFE]},
  '手':{w:9,h:7,rows:[0x30,0x30,0xFE,0xFE,0xFC,0xFC,0xF0]},
  '藍':{w:9,h:7,rows:[0xFE,0xFE,0xFE,0x1FC,0x1EE,0x1FE,0x1FE]},
  '牙':{w:9,h:7,rows:[0x18,0x98,0x68,0x18,0xFE,0xFE,0x48]},
  '無':{w:9,h:6,rows:[0xAA,0xFE,0xFE,0xFE,0xFE,0xFE]},
  '網':{w:9,h:6,rows:[0x6E,0x62,0xFE,0xAA,0xFE,0xA6]},
  '路':{w:9,h:7,rows:[0xDC,0x1DE,0x1DE,0x1FE,0x4C,0xEC,0x1FE]},
  '訊':{w:9,h:7,rows:[0xC2,0x1DA,0x1DE,0xDE,0xFE,0xDE,0x1DE]},
  '號':{w:9,h:7,rows:[0x12,0x5E,0x1EE,0xDE,0xFC,0xDE,0x1FE]},
  '強':{w:9,h:7,rows:[0x9E,0xDE,0x5E,0xFE,0x1BE,0x1DE,0x7E]},
  '弱':{w:9,h:7,rows:[0x44,0xEE,0x66,0xAA,0x1FE,0x1FE,0x22]},
  '主':{w:9,h:7,rows:[0xFE,0xFE,0x10,0xFC,0x10,0x10,0xFE]},
  '次':{w:9,h:7,rows:[0x20,0x32,0x9C,0x48,0x8,0x2A,0xDE]},
  '高':{w:9,h:7,rows:[0x2,0x1BA,0x1FA,0x1BA,0xFE,0x38,0xFE]},
  '低':{w:9,h:7,rows:[0x38,0xBA,0xB6,0xA4,0xBE,0xBE,0xB8]},
  '快':{w:9,h:7,rows:[0x60,0x72,0x4C,0x1C8,0x1FE,0x1CA,0x5E]},
  '慢':{w:9,h:7,rows:[0x62,0x7E,0x56,0x1FE,0x1FE,0x1FE,0x7E]},
  '多':{w:9,h:7,rows:[0x70,0x7C,0x12,0xD2,0x3E,0x38,0xFC]},
  '少':{w:9,h:7,rows:[0x40,0x70,0x8,0x34,0x90,0x52,0x54]},
  '大':{w:9,h:7,rows:[0x82,0xC6,0x28,0x38,0x10,0xFE,0x10]},
  '小':{w:9,h:7,rows:[0x20,0x30,0x10,0x192,0x92,0x96,0x10]},
  '長':{w:9,h:7,rows:[0x62,0x6E,0x56,0xFE,0x78,0x78,0x7C]},
  '短':{w:9,h:7,rows:[0x1E,0x19E,0xFE,0x5E,0xF2,0xFE,0x1E0]},
  '數':{w:9,h:7,rows:[0x90,0xFA,0xF4,0xFC,0xFE,0xF6,0xFE]},
  '字':{w:9,h:7,rows:[0x20,0x30,0xFE,0xFE,0x8,0x7E,0x1FE]},
  '母':{w:9,h:6,rows:[0x4,0xFE,0x96,0xFE,0xFE,0x56]},
  '符':{w:9,h:7,rows:[0x4,0x86,0x96,0x86,0xBE,0x0,0xFE]},
  '空':{w:9,h:7,rows:[0xFE,0xFE,0x7C,0x7C,0xDE,0x1BA,0x1FE]},
  '格':{w:9,h:7,rows:[0x1C,0x5E,0x1DE,0xFE,0xCC,0x6C,0xDE]},
  '行':{w:9,h:7,rows:[0x8,0x8C,0x84,0x84,0x9E,0x1E,0x80]},
  '工':{w:9,h:6,rows:[0xFE,0x10,0x10,0x10,0x10,0x7C]},
  '作':{w:9,h:6,rows:[0x88,0x8E,0x8E,0x8E,0xAE,0x9E]},
  '休':{w:9,h:6,rows:[0x88,0xAA,0x9C,0x88,0x88,0xFE]},
  '眠':{w:9,h:7,rows:[0x18,0xDA,0x1F6,0x1FE,0x1F4,0x1FE,0x1F2]},
  '暫':{w:9,h:7,rows:[0x7C,0xFE,0xFE,0xFE,0xFE,0xFE,0xFE]},
  '執':{w:9,h:6,rows:[0x52,0xE4,0xEC,0x98,0xE8,0x5C]},
  '結':{w:9,h:7,rows:[0xE,0x7E,0x7E,0xEE,0x9E,0xDE,0x9E]},
  '束':{w:9,h:7,rows:[0x82,0xD6,0x38,0xFC,0x96,0xFE,0xFE]},
  '重':{w:9,h:7,rows:[0xFE,0xFE,0xFC,0x7C,0x7C,0x7C,0xFE]},
  '是':{w:9,h:7,rows:[0x8E,0xFE,0x5C,0xFE,0x78,0x7C,0x7C]},
  '否':{w:9,h:7,rows:[0x78,0x7C,0x7C,0x78,0xD2,0x74,0x10]},
  '好':{w:9,h:7,rows:[0x18,0x98,0xC8,0x1C8,0xFE,0xE8,0xC4]},
  '壞':{w:9,h:7,rows:[0x18,0xDA,0xB6,0xBE,0x9E,0xFE,0xBE]},
  '新':{w:9,h:6,rows:[0x56,0xFE,0xFE,0xFE,0xFE,0xF8]},
  '舊':{w:9,h:7,rows:[0x7C,0xFE,0xEE,0xEE,0x58,0xFC,0xFE]},
  '讀':{w:9,h:6,rows:[0xDE,0xD4,0x14,0x3E,0x3E,0xC8]},
  '寫':{w:9,h:7,rows:[0x4,0x7E,0xFE,0x7E,0x6C,0x4C,0x1FE]},
  '送':{w:9,h:7,rows:[0x1E,0xBE,0x72,0xC8,0x3E,0x88,0x3E]},
  '收':{w:9,h:7,rows:[0x32,0x7E,0x1E4,0x1EE,0x1FE,0x1F6,0x1FE]},
  '般':{w:9,h:7,rows:[0x52,0x1FE,0x1FA,0x1FE,0x1E2,0x1F6,0x1FE]},
  '標':{w:9,h:7,rows:[0x8,0x5A,0x1FE,0xFE,0xDE,0x7E,0xFE]},
  '準':{w:9,h:6,rows:[0x10,0xFE,0xBE,0x68,0xBC,0x68]},
  '專':{w:9,h:7,rows:[0x8,0x4C,0xFE,0xFE,0xFC,0x7C,0xFE]},
  '業':{w:9,h:6,rows:[0x54,0x38,0x10,0xFC,0x8,0xFE]},
  '階':{w:9,h:7,rows:[0x1E,0x1BE,0x1BE,0x1FE,0x1DE,0x1B6,0x1F6]},
  '版':{w:9,h:6,rows:[0x1DA,0x1C4,0x1EE,0x196,0x1DE,0x1D0]},
  '本':{w:9,h:6,rows:[0x10,0xBA,0x54,0x38,0x10,0xFE]},
  '更':{w:9,h:7,rows:[0x86,0xDE,0x60,0xFC,0xFE,0xFE,0xFC]},
  '韌':{w:9,h:6,rows:[0xE4,0xC2,0x4A,0xEE,0xEA,0x6A]},
  '體':{w:9,h:6,rows:[0xBC,0xDC,0xD4,0xBE,0xFE,0xFE]},
  '程':{w:9,h:7,rows:[0x1E,0x5E,0xDE,0xDE,0xDE,0xDE,0xD2]},
  '池':{w:9,h:7,rows:[0x1E,0x1BE,0xA2,0x3C,0xBE,0x3E,0xBE]},
  '充':{w:9,h:7,rows:[0x86,0xCE,0x78,0x7A,0xFC,0x28,0xFE]},
  '滿':{w:9,h:6,rows:[0x2A,0xBE,0x2A,0xBE,0x3C,0xA6]},
  '計':{w:9,h:7,rows:[0xC0,0x1E4,0x1E4,0xC4,0xC4,0xDE,0xC4]},
  '器':{w:9,h:7,rows:[0x6C,0xFE,0xFE,0xEE,0xFE,0xFC,0xBE]},
  '鬧':{w:9,h:6,rows:[0x1D6,0x1FE,0x1FE,0x1FA,0x1EA,0x1EE]},
  '鐘':{w:9,h:6,rows:[0x48,0x5E,0x5E,0xFA,0xDE,0x9E]},
  '提':{w:9,h:7,rows:[0xC6,0xFE,0xAC,0xFE,0x9C,0xBE,0xFE]},
  '醒':{w:9,h:6,rows:[0xA4,0xFE,0xBE,0x6C,0xEA,0x8E]},
  '通':{w:9,h:6,rows:[0xA0,0x6A,0xFE,0x2A,0xAA,0x3E]},
  '知':{w:9,h:6,rows:[0x9E,0x6A,0x6A,0xFA,0x6A,0xEE]},
  '感':{w:9,h:7,rows:[0x18,0xBA,0x30,0x1FA,0xB4,0xBE,0xFE]},
  '應':{w:9,h:7,rows:[0x18,0x7A,0x1BE,0xFE,0xFE,0xFE,0xFE]},
  '偵':{w:9,h:7,rows:[0x20,0xB2,0x9E,0xBE,0xBE,0xBE,0x9E]},
  '測':{w:9,h:7,rows:[0x2,0x1CA,0xB2,0x7E,0xFE,0x7E,0xFE]},
  '觸':{w:9,h:6,rows:[0x1E,0xFE,0x7E,0xFA,0xE0,0x7E]},
  '發':{w:9,h:7,rows:[0x50,0x7E,0x1FE,0x1FE,0xFE,0xEE,0xAA]},
  '輸':{w:9,h:6,rows:[0xE2,0x76,0xF6,0xF6,0xE0,0x5E]},
  '紅':{w:9,h:7,rows:[0x1E,0x7E,0x64,0xE4,0xA4,0xC4,0xA4]},
  '綠':{w:9,h:7,rows:[0x8,0x6A,0x5C,0xFC,0x9E,0xFE,0xBE]},
  '黃':{w:9,h:7,rows:[0x82,0xFE,0x7C,0x7C,0xFE,0x38,0x7C]},
  '白':{w:9,h:7,rows:[0x7C,0xFE,0x86,0xFE,0x86,0x86,0xFC]},
  '黑':{w:9,h:6,rows:[0xAA,0xFE,0xFE,0xFC,0xFC,0x96]},
  '灰':{w:9,h:7,rows:[0x20,0x32,0x9C,0x88,0xAA,0x48,0xFE]},
  '攝':{w:9,h:6,rows:[0xAE,0xB6,0xF6,0xBE,0x96,0xDC]},
  '氏':{w:9,h:7,rows:[0xC2,0xF6,0x84,0x88,0xFE,0x98,0xF8]},
  '華':{w:9,h:6,rows:[0xFE,0x10,0x54,0xFE,0xFC,0x68]},
  '比':{w:9,h:7,rows:[0x8E,0xFE,0x9A,0x98,0xF8,0xFE,0x98]},
  '加':{w:9,h:7,rows:[0x46,0x6E,0x9A,0x9A,0x5A,0x5A,0xFE]},
  '減':{w:9,h:7,rows:[0x10,0x1DE,0xFE,0x7E,0xFE,0x7C,0xFE]},
  '乘':{w:9,h:7,rows:[0x82,0xDE,0xB6,0xFE,0xFE,0xFA,0xFE]},
  '除':{w:9,h:7,rows:[0x8,0x18A,0x1A8,0x1FE,0x1C8,0x1BE,0x1E2]},
  '等':{w:9,h:7,rows:[0x8,0x4C,0xFE,0xFE,0x7C,0x7C,0xFE]},
  '於':{w:9,h:7,rows:[0x44,0x6C,0xA0,0xA0,0x6C,0x48,0xE2]},
  '不':{w:9,h:6,rows:[0x10,0x10,0x92,0x74,0x10,0x8]},
  '始':{w:9,h:7,rows:[0x1E,0x9E,0xD2,0x1DE,0xE0,0xFE,0xD2]},
  '止':{w:9,h:7,rows:[0xFE,0xFE,0x90,0x90,0x9C,0x9C,0x10]},
  '製':{w:9,h:7,rows:[0x62,0x6E,0xD6,0xFE,0x62,0x1FA,0x1EA]},
  '播':{w:9,h:6,rows:[0xAA,0xBE,0xBE,0xAA,0xBE,0xCC]},
  '放':{w:9,h:7,rows:[0x50,0x7A,0xA4,0xAC,0x6E,0x56,0xFE]},
  '傳':{w:9,h:6,rows:[0x94,0x86,0x86,0xBE,0xBE,0xAA]},
  '備':{w:9,h:6,rows:[0xBE,0xAA,0xEA,0xBE,0xBE,0x94]},
  '份':{w:9,h:6,rows:[0xA4,0x96,0x96,0xFE,0xA2,0xA6]},
  '還':{w:9,h:7,rows:[0x1E,0xBE,0x7A,0xDE,0x3E,0xBE,0x3E]},
  '原':{w:9,h:7,rows:[0x10,0x5A,0x98,0xBC,0xFE,0xFE,0xBC]},
  '密':{w:9,h:7,rows:[0x7C,0xFE,0x90,0xDC,0x32,0xEA,0x1FE]},
  '碼':{w:9,h:7,rows:[0x44,0xFE,0xFA,0xFE,0xFC,0x7C,0xFC]},
  '鎖':{w:9,h:6,rows:[0x52,0x40,0x52,0xDE,0xDE,0x88]},
  '解':{w:9,h:6,rows:[0x24,0xEE,0x64,0xEE,0xF4,0x4A]},
  '退':{w:9,h:7,rows:[0x1E,0xBE,0x5A,0xD6,0x1E,0x9E,0x1E]},
  '正':{w:9,h:7,rows:[0xFE,0xFE,0x50,0x50,0x5C,0x10,0x10]},
  '負':{w:9,h:7,rows:[0x82,0xC6,0xFE,0xFE,0xFE,0xFE,0xFC]},
  '離':{w:9,h:7,rows:[0x1E,0x1FE,0x1FE,0xFE,0x1FE,0x1FE,0xFE]},
  '裝':{w:9,h:7,rows:[0x62,0x6E,0xD6,0xFE,0xAE,0xEE,0xFE]},
  '置':{w:9,h:7,rows:[0xFE,0xFE,0x7C,0x7C,0xFE,0xFE,0xFE]},
  '系':{w:9,h:6,rows:[0x92,0x54,0xFE,0x24,0x50,0x28]},
  '統':{w:9,h:7,rows:[0x66,0x76,0x5C,0xFE,0x9E,0xD6,0xBE]},
  '記':{w:9,h:7,rows:[0xDE,0x1FE,0x1F2,0xD0,0xDE,0xDE,0xC2]},
  '憶':{w:9,h:6,rows:[0x56,0x58,0x62,0x7E,0x7E,0x56]},
  '間':{w:9,h:7,rows:[0x3A,0x1FA,0x1FA,0x1FA,0x1EE,0x1FE,0x1FE]},
  '處':{w:9,h:7,rows:[0x4E,0x7E,0xFE,0xFE,0xFA,0xFA,0xFE]},
  '理':{w:9,h:6,rows:[0xC8,0x88,0x88,0xFE,0xAA,0xBE]},
  '核':{w:9,h:6,rows:[0x5A,0x1D4,0xDA,0xD4,0x52,0xFE]},
  '謝':{w:9,h:6,rows:[0xEA,0xDA,0x2A,0x3E,0x3A,0xEE]},
  '歡':{w:9,h:6,rows:[0xB2,0xA8,0xA4,0xF4,0xF6,0xFE]},
  '迎':{w:9,h:7,rows:[0x1E,0xBE,0x4A,0xFA,0x2A,0xAA,0x2E]},
  '您':{w:9,h:7,rows:[0x18,0xBA,0x10,0x0,0xAA,0x88,0xBE]},
  '再':{w:9,h:7,rows:[0x4,0x86,0xFE,0xFE,0xFE,0xFE,0xFC]},
  '見':{w:9,h:7,rows:[0x8E,0xDE,0x7A,0x7C,0x7C,0x7C,0x7C]},
  '你':{w:9,h:7,rows:[0x18,0x98,0xEA,0xAA,0xA8,0x8A,0xBE]},
  '我':{w:9,h:7,rows:[0x10,0x5A,0xC4,0xEC,0x48,0xFE,0xC8]},
  '他':{w:9,h:7,rows:[0x1E,0xBE,0xBA,0xBC,0xBE,0xBE,0xBE]},
  '她':{w:9,h:6,rows:[0x92,0x50,0xDA,0xBA,0xBA,0xDE]},
  '它':{w:9,h:7,rows:[0x3C,0x7E,0x40,0x70,0x4C,0x42,0x1FE]},
  '們':{w:9,h:6,rows:[0xA2,0xA2,0xA2,0xA2,0xB6,0xB6]},
  '的':{w:9,h:6,rows:[0xC4,0x1E2,0x1EA,0x1E2,0x1F2,0xDE]},
  '在':{w:9,h:7,rows:[0x1E,0x5E,0x48,0xC8,0x7E,0x48,0xFE]},
  '有':{w:9,h:7,rows:[0x4,0x66,0x7E,0xFE,0x7E,0x3C,0xFE]},
  '這':{w:9,h:7,rows:[0x1E,0xBE,0x5E,0xDE,0x1C,0x9C,0x3E]},
  '那':{w:9,h:6,rows:[0x2C,0x9A,0xFA,0x5C,0xFC,0x5A]},
  '什':{w:9,h:6,rows:[0x88,0x88,0x88,0x88,0xBE,0x88]},
  '麼':{w:9,h:7,rows:[0x7E,0x7E,0xA8,0xE6,0xA6,0xFE,0xFE]},
  '為':{w:9,h:7,rows:[0x4,0x9E,0x9A,0xFE,0x7E,0x3C,0xFC]},
  '怎':{w:9,h:7,rows:[0x18,0xBA,0x10,0x20,0x1BC,0xBC,0xFE]},
  '可':{w:9,h:7,rows:[0x8,0xC,0x64,0xE4,0xA4,0xE4,0x4]},
  '以':{w:9,h:6,rows:[0x92,0xEC,0x84,0x86,0x86,0x96]},
  '要':{w:9,h:7,rows:[0x44,0x7C,0x68,0xFE,0x7C,0xFE,0xFC]},
  '也':{w:9,h:7,rows:[0x3E,0x7E,0x52,0x54,0xD6,0xF6,0x5E]},
  '都':{w:9,h:6,rows:[0x9C,0xFA,0xFA,0x4C,0x6C,0x5A]},
  '沒':{w:9,h:7,rows:[0x22,0xBE,0x54,0x3E,0x80,0x24,0x9E]},
  '很':{w:9,h:7,rows:[0x10,0xB2,0xA4,0xAA,0xBE,0x26,0xBE]},
  '地':{w:9,h:6,rows:[0x92,0x50,0x5A,0x5A,0xFA,0x5E]},
  '方':{w:9,h:7,rows:[0x18,0x5C,0x46,0x66,0x3E,0x3C,0xFE]},
  '人':{w:9,h:6,rows:[0x82,0x44,0x68,0x38,0x10,0x10]},
  '家':{w:9,h:6,rows:[0xD2,0x3C,0xDC,0x30,0x7E,0x1FE]},
  '事':{w:9,h:6,rows:[0x10,0xFC,0xFE,0x14,0x54,0x54]},
  '情':{w:9,h:6,rows:[0x5E,0x52,0x52,0x7E,0x5E,0x48]},
  '看':{w:9,h:7,rows:[0x3C,0x7E,0xFE,0x7E,0xFE,0xFE,0x7C]},
  '道':{w:9,h:7,rows:[0x1E,0xBE,0x5E,0xD6,0x1E,0x9E,0x1E]},
  '文':{w:9,h:7,rows:[0x86,0xEE,0x10,0x28,0x68,0x4,0xFE]},
  '像':{w:9,h:6,rows:[0xA6,0x9E,0x94,0xBE,0xAA,0xFE]},
  '素':{w:9,h:7,rows:[0x82,0xD6,0xFE,0x50,0xFE,0x7C,0xFE]},
  '螢':{w:9,h:7,rows:[0xFE,0xFE,0x7C,0x7C,0x1FE,0xFE,0x7C]},
  '幕':{w:9,h:6,rows:[0x54,0xD6,0x54,0xFE,0x7C,0x68]}
};
size=8: 363 glyphs, 0 skipped

CUBIC11[11] = {
  ' ':{w:4,h:1,rows:[0x0]},
  '!':{w:4,h:6,rows:[0x4,0x0,0x4,0x4,0x4,0x4]},
  '"':{w:6,h:1,rows:[0x14]},
  '#':{w:6,h:6,rows:[0x12,0x16,0x3F,0x12,0x12,0x3E]},
  '$':{w:6,h:7,rows:[0x8,0x1E,0x2B,0xB,0x1B,0x3E,0x24]},
  '%':{w:7,h:6,rows:[0xE,0x4B,0x3B,0x1E,0x38,0x7C]},
  '&':{w:6,h:6,rows:[0x1F,0x26,0x26,0x2F,0x19,0x34]},
  "'":{w:4,h:1,rows:[0x4]},
  '(':{w:6,h:7,rows:[0x4,0x8,0x8,0x10,0x10,0x10,0x10]},
  ')':{w:6,h:7,rows:[0x10,0x8,0x8,0x4,0x4,0x4,0x4]},
  '*':{w:6,h:4,rows:[0x8,0x3E,0x1C,0x18]},
  '+':{w:7,h:5,rows:[0x8,0x8,0x18,0x7E,0x8]},
  ',':{w:4,h:3,rows:[0x8,0x4,0x4]},
  '-':{w:6,h:1,rows:[0x3F]},
  '.':{w:4,h:1,rows:[0x4]},
  '/':{w:7,h:7,rows:[0x20,0x20,0x10,0x10,0x8,0x8,0x4]},
  '0':{w:6,h:6,rows:[0xE,0x13,0x13,0x13,0x13,0x13]},
  '1':{w:6,h:6,rows:[0x4,0x4,0x4,0x4,0x4,0x14]},
  '2':{w:6,h:6,rows:[0x1F,0x10,0x8,0x4,0x2,0x13]},
  '3':{w:6,h:6,rows:[0xE,0x13,0x3,0x3,0xE,0x4]},
  '4':{w:6,h:6,rows:[0x2,0x6,0x3F,0x12,0x12,0xA]},
  '5':{w:6,h:6,rows:[0xE,0x13,0x13,0x3,0x1F,0x1E]},
  '6':{w:6,h:6,rows:[0xE,0x13,0x13,0x13,0x1F,0x1E]},
  '7':{w:6,h:6,rows:[0x8,0x8,0x4,0x4,0x6,0x2]},
  '8':{w:6,h:6,rows:[0xE,0x13,0x13,0x13,0x1E,0x13]},
  '9':{w:6,h:6,rows:[0xC,0x2,0x3,0x1F,0x13,0x13]},
  ':':{w:4,h:6,rows:[0x4,0x0,0x0,0x0,0x0,0x4]},
  ';':{w:4,h:8,rows:[0x8,0x4,0x4,0x0,0x0,0x0,0x0,0x4]},
  '<':{w:7,h:6,rows:[0x6,0xC,0x18,0x30,0x30,0x18]},
  '=':{w:6,h:3,rows:[0x3F,0x3E,0x3F]},
  '>':{w:7,h:6,rows:[0x20,0x10,0x8,0x4,0x6,0xC]},
  '?':{w:6,h:6,rows:[0x8,0x0,0x8,0x8,0x4,0x22]},
  '@':{w:7,h:6,rows:[0x1E,0x20,0x4E,0x53,0x53,0x5F]},
  'A':{w:7,h:6,rows:[0x43,0x43,0x3E,0x26,0x26,0x1C]},
  'B':{w:6,h:6,rows:[0x3E,0x23,0x23,0x23,0x3E,0x23]},
  'C':{w:6,h:6,rows:[0xE,0x11,0x20,0x20,0x20,0x20]},
  'D':{w:7,h:6,rows:[0x7C,0x46,0x43,0x43,0x43,0x43]},
  'E':{w:6,h:6,rows:[0x3F,0x20,0x20,0x20,0x3C,0x20]},
  'F':{w:6,h:6,rows:[0x20,0x20,0x20,0x20,0x3C,0x20]},
  'G':{w:7,h:6,rows:[0x1F,0x27,0x43,0x43,0x46,0x40]},
  'H':{w:7,h:6,rows:[0x43,0x43,0x43,0x43,0x7F,0x43]},
  'I':{w:4,h:6,rows:[0x4,0x4,0x4,0x4,0x4,0x4]},
  'J':{w:6,h:6,rows:[0x1C,0x26,0x23,0x3,0x3,0x3]},
  'K':{w:6,h:6,rows:[0x23,0x26,0x2C,0x38,0x30,0x28]},
  'L':{w:6,h:6,rows:[0x3F,0x20,0x20,0x20,0x20,0x20]},
  'M':{w:9,h:6,rows:[0x102,0x102,0x102,0x102,0x132,0x16A]},
  'N':{w:7,h:6,rows:[0x43,0x43,0x43,0x47,0x4F,0x5B]},
  'O':{w:7,h:6,rows:[0x1C,0x26,0x43,0x43,0x43,0x43]},
  'P':{w:6,h:6,rows:[0x20,0x20,0x20,0x20,0x3E,0x23]},
  'Q':{w:7,h:8,rows:[0x7,0x4,0x1C,0x26,0x43,0x43,0x43,0x43]},
  'R':{w:6,h:6,rows:[0x23,0x26,0x2C,0x38,0x3E,0x23]},
  'S':{w:6,h:6,rows:[0x1E,0x23,0x3,0x3,0x3E,0x20]},
  'T':{w:7,h:6,rows:[0x8,0x8,0x8,0x8,0x8,0x8]},
  'U':{w:7,h:6,rows:[0x1C,0x26,0x43,0x43,0x43,0x43]},
  'V':{w:7,h:6,rows:[0x8,0x18,0x1C,0x34,0x26,0x26]},
  'W':{w:9,h:6,rows:[0x4C,0x4C,0xCC,0xBE,0xBE,0x1B6]},
  'X':{w:6,h:6,rows:[0x23,0x23,0x16,0x16,0x1C,0x16]},
  'Y':{w:7,h:6,rows:[0x8,0x8,0x8,0x18,0x34,0x26]},
  'Z':{w:6,h:6,rows:[0x3F,0x20,0x20,0x10,0x8,0x4]},
  '[':{w:6,h:7,rows:[0x1C,0x10,0x10,0x10,0x10,0x10,0x10]},
  '\\':{w:7,h:7,rows:[0x6,0x6,0xC,0xC,0x18,0x18,0x10]},
  ']':{w:6,h:7,rows:[0x1C,0x4,0x4,0x4,0x4,0x4,0x4]},
  '^':{w:6,h:1,rows:[0x0]},
  '_':{w:6,h:1,rows:[0x3F]},
  '`':{w:4,h:1,rows:[0x0]},
  'a':{w:6,h:6,rows:[0x1E,0x26,0x26,0x1E,0x1E,0x1C]},
  'b':{w:6,h:6,rows:[0x3C,0x22,0x22,0x22,0x26,0x3C]},
  'c':{w:6,h:6,rows:[0x1C,0x22,0x20,0x20,0x26,0x1C]},
  'd':{w:6,h:6,rows:[0x1E,0x22,0x22,0x22,0x26,0x1E]},
  'e':{w:6,h:6,rows:[0x1C,0x22,0x20,0x3E,0x26,0x1C]},
  'f':{w:6,h:6,rows:[0x8,0x8,0x8,0x8,0x3C,0x3E]},
  'g':{w:6,h:9,rows:[0x1C,0x26,0x6,0x1E,0x26,0x26,0x26,0x3E,0x1E]},
  'h':{w:6,h:6,rows:[0x26,0x26,0x26,0x26,0x3E,0x2C]},
  'i':{w:4,h:6,rows:[0x4,0x4,0x4,0x4,0x4,0x4]},
  'j':{w:4,h:8,rows:[0x8,0x4,0x4,0x4,0x4,0x4,0x4,0x4]},
  'k':{w:6,h:6,rows:[0x22,0x24,0x28,0x30,0x28,0x24]},
  'l':{w:4,h:6,rows:[0x4,0x4,0x4,0x4,0x4,0x4]},
  'm':{w:7,h:6,rows:[0x4B,0x4B,0x4B,0x4B,0x7E,0x7C]},
  'n':{w:6,h:6,rows:[0x26,0x26,0x26,0x26,0x3E,0x2C]},
  'o':{w:6,h:6,rows:[0x1C,0x26,0x26,0x26,0x3E,0x1C]},
  'p':{w:6,h:9,rows:[0x20,0x20,0x20,0x3C,0x22,0x22,0x22,0x26,0x3C]},
  'q':{w:6,h:9,rows:[0x2,0x6,0x6,0x1E,0x26,0x26,0x26,0x3E,0x1E]},
  'r':{w:5,h:6,rows:[0x10,0x10,0x10,0x10,0x18,0x14]},
  's':{w:6,h:6,rows:[0x1C,0x26,0x6,0x1C,0x38,0x1C]},
  't':{w:5,h:6,rows:[0x6,0x8,0x8,0x8,0x18,0x1E]},
  'u':{w:6,h:6,rows:[0x1A,0x26,0x22,0x22,0x22,0x20]},
  'v':{w:6,h:6,rows:[0x8,0x8,0x14,0x14,0x22,0x20]},
  'w':{w:9,h:6,rows:[0x4C,0x4C,0xBE,0x1BE,0x132,0x112]},
  'x':{w:6,h:6,rows:[0x26,0x1C,0x8,0x18,0x34,0x22]},
  'y':{w:6,h:9,rows:[0x1C,0x26,0x2,0x1E,0x22,0x22,0x22,0x22,0x20]},
  'z':{w:6,h:6,rows:[0x3E,0x20,0x10,0x8,0xC,0x3C]},
  '{':{w:7,h:7,rows:[0x6,0x8,0x8,0x8,0x18,0x30,0x8]},
  '|':{w:6,h:7,rows:[0x8,0x8,0x8,0x8,0x8,0x8,0x8]},
  '}':{w:7,h:7,rows:[0x30,0x8,0x8,0x8,0x8,0xE,0x8]},
  '~':{w:6,h:2,rows:[0x2E,0x1B]},
  '零':{w:12,h:7,rows:[0x58,0xC4,0x3FC,0x0,0x7FE,0x198,0x5FA]},
  '一':{w:12,h:1,rows:[0x7FE]},
  '二':{w:12,h:1,rows:[0x7FE]},
  '三':{w:12,h:6,rows:[0x7FE,0x0,0x0,0x0,0x0,0x1F8]},
  '四':{w:12,h:7,rows:[0x402,0x7FE,0x402,0x402,0x61E,0x522,0x4A2]},
  '五':{w:12,h:7,rows:[0x7FE,0x188,0x88,0x88,0xC8,0xC8,0x1F8]},
  '六':{w:12,h:6,rows:[0x402,0x402,0x204,0x204,0x108,0x108]},
  '七':{w:12,h:7,rows:[0xFE,0x182,0x182,0x180,0x180,0x780,0x7F0]},
  '八':{w:12,h:7,rows:[0x402,0x402,0x204,0x204,0x208,0x108,0x108]},
  '九':{w:12,h:7,rows:[0x60E,0x112,0x192,0x90,0xD0,0xD0,0xD0]},
  '十':{w:12,h:7,rows:[0x60,0x60,0x60,0x60,0x60,0x7FE,0x7FE]},
  '百':{w:12,h:7,rows:[0x3FC,0x204,0x204,0x204,0x3FC,0x204,0x3FC]},
  '千':{w:12,h:7,rows:[0x60,0x60,0x60,0x60,0x60,0x7FE,0x60]},
  '萬':{w:12,h:7,rows:[0x406,0x5FA,0x46A,0x7FE,0x168,0x1F8,0x1F8]},
  '億':{w:12,h:7,rows:[0x37A,0x3E4,0x270,0x2FE,0x2C2,0x6FE,0x6FE]},
  '兆':{w:12,h:7,rows:[0x63E,0x332,0x1B0,0x5B2,0x3B4,0x1B8,0x1B8]},
  '度':{w:12,h:7,rows:[0x38E,0xF0,0x4C8,0x4FC,0x200,0x2F8,0x3FE]},
  '分':{w:12,h:7,rows:[0x330,0x188,0x88,0xC8,0x4C8,0x7FA,0x206]},
  '秒':{w:12,h:7,rows:[0x160,0x518,0x504,0x382,0x330,0x310,0x712]},
  '時':{w:12,h:7,rows:[0xC,0x7A4,0x4E4,0x484,0x5FE,0x786,0x4FE]},
  '日':{w:12,h:7,rows:[0x3FC,0x204,0x204,0x204,0x204,0x3FC,0x204]},
  '月':{w:12,h:7,rows:[0x41C,0x404,0x204,0x204,0x3FC,0x204,0x3FC]},
  '年':{w:12,h:7,rows:[0x20,0x20,0x30,0x7FE,0x120,0x130,0x1FC]},
  '週':{w:12,h:7,rows:[0x47E,0x280,0x13A,0x3FA,0x7FA,0xC2,0x6FE]},
  '上':{w:12,h:7,rows:[0x7FE,0xC0,0xC0,0xC0,0xC0,0xFC,0xFC]},
  '下':{w:12,h:7,rows:[0xC0,0xC0,0xC0,0xC0,0xC4,0xDC,0xF0]},
  '左':{w:12,h:7,rows:[0xFE,0x410,0x210,0x210,0x118,0x1FE,0x80]},
  '右':{w:12,h:7,rows:[0xFC,0x84,0x84,0x784,0x184,0xFC,0x40]},
  '前':{w:12,h:7,rows:[0x2CC,0x2C4,0x2E4,0x3E4,0x2E4,0x3E4,0x3E4]},
  '後':{w:12,h:7,rows:[0x2C6,0x238,0x2E4,0x27C,0x660,0x27E,0x134]},
  '內':{w:12,h:7,rows:[0x40E,0x402,0x402,0x50A,0x492,0x462,0x462]},
  '外':{w:12,h:7,rows:[0x610,0x110,0x190,0x90,0xD2,0x5DC,0x7D8]},
  '中':{w:12,h:7,rows:[0x60,0x60,0x60,0x60,0x7FE,0x462,0x462]},
  '心':{w:12,h:7,rows:[0xF0,0x88,0x588,0x582,0x382,0x384,0x184]},
  '開':{w:12,h:7,rows:[0x4A6,0x4E2,0x5FA,0x4F2,0x5FA,0x402,0x7FE]},
  '關':{w:12,h:7,rows:[0x4A6,0x5FA,0x5FA,0x5F2,0x5FA,0x59A,0x7FE]},
  '閉':{w:12,h:7,rows:[0x466,0x5A2,0x4E2,0x472,0x5FA,0x432,0x7FE]},
  '進':{w:12,h:7,rows:[0x4FE,0x280,0x17E,0x368,0x76C,0x7E,0x67E]},
  '出':{w:12,h:7,rows:[0x7FE,0x462,0x462,0x462,0x60,0x60,0x3FC]},
  '停':{w:12,h:7,rows:[0x270,0x210,0x210,0x2FE,0x282,0x6FE,0x67C]},
  '啟':{w:12,h:7,rows:[0x1E2,0x574,0x568,0x5C8,0x214,0x3D4,0x3C4]},
  '設':{w:12,h:7,rows:[0x746,0x538,0x568,0x764,0x7C,0x0,0x74E]},
  '定':{w:12,h:7,rows:[0x63E,0x1E0,0x160,0x17C,0x60,0x1F8,0x5FA]},
  '確':{w:12,h:7,rows:[0x3FE,0x3E8,0x2FE,0x2E8,0x7FE,0x3EC,0x13E]},
  '認':{w:12,h:7,rows:[0x738,0x562,0x594,0x7E0,0x0,0x64E,0x732]},
  '取':{w:12,h:7,rows:[0xE2,0x6E4,0x3D8,0x2C8,0x2D4,0x3D6,0x2E2]},
  '消':{w:12,h:7,rows:[0x446,0x2C2,0x1FE,0xC2,0xFE,0x6C2,0x47E]},
  '返':{w:12,h:7,rows:[0x4FE,0x280,0x172,0x31C,0x7CC,0x54,0x674]},
  '回':{w:12,h:7,rows:[0x7FE,0x402,0x402,0x4F2,0x492,0x492,0x4F2]},
  '選':{w:12,h:7,rows:[0x47E,0x280,0x1E6,0x338,0x77E,0x3C,0x6FE]},
  '擇':{w:12,h:7,rows:[0x610,0x2FE,0x210,0x7FE,0x364,0x27E,0x27E]},
  '切':{w:12,h:7,rows:[0x18,0xC4,0x1C2,0x262,0x262,0x222,0x722]},
  '換':{w:12,h:7,rows:[0x6C2,0x264,0x238,0x7FE,0x3DA,0x2EE,0x2EA]},
  '模':{w:12,h:7,rows:[0x142,0x124,0x510,0x7FE,0x3E2,0x37E,0x17E]},
  '式':{w:12,h:7,rows:[0x702,0xE2,0x84,0x84,0x188,0x3C8,0x8]},
  '音':{w:12,h:7,rows:[0x1F8,0x108,0x1F8,0x108,0x1F8,0x0,0x7FE]},
  '量':{w:12,h:7,rows:[0x7FE,0x60,0x3FC,0x168,0x1F8,0x36C,0x7FE]},
  '亮':{w:12,h:7,rows:[0x63E,0x132,0xA0,0x5B2,0x7FE,0x0,0x1F8]},
  '溫':{w:12,h:7,rows:[0x4FE,0x2FA,0x1EA,0xFA,0x7E,0x600,0x4FC]},
  '濕':{w:12,h:7,rows:[0x4AA,0x4FA,0x200,0x2FE,0xEE,0x67E,0x4FE]},
  '速':{w:12,h:7,rows:[0x4FE,0x280,0x1D2,0x374,0x738,0xFE,0x6FE]},
  '電':{w:12,h:7,rows:[0x7E,0x62,0x3FC,0x264,0x3FC,0x264,0x7FE]},
  '壓':{w:12,h:7,rows:[0x7FE,0x20,0x5FC,0x562,0x5F4,0x578,0x5FE]},
  '流':{w:12,h:7,rows:[0x4A6,0x5BA,0x2F8,0x2F8,0xE8,0x6FA,0x4FE]},
  '功':{w:12,h:7,rows:[0x18,0x664,0x1E2,0x122,0x132,0x112,0x112]},
  '率':{w:12,h:7,rows:[0x40,0x60,0x7FE,0x60,0x4F2,0x254,0x60]},
  '頻':{w:12,h:7,rows:[0x662,0x114,0x1BE,0x3F2,0x5FE,0x532,0x7BE]},
  '首':{w:12,h:7,rows:[0x1F8,0x108,0x1F8,0x108,0x1F8,0x108,0x1F8]},
  '頁':{w:12,h:7,rows:[0x606,0x108,0x1F8,0x108,0x1F8,0x108,0x1F8]},
  '目':{w:12,h:7,rows:[0x3FC,0x204,0x204,0x204,0x3FC,0x204,0x3FC]},
  '錄':{w:12,h:7,rows:[0x7B0,0x1D2,0x574,0x518,0x3D4,0x79A,0x7FE]},
  '資':{w:12,h:7,rows:[0x606,0x1F8,0x108,0x1F8,0x108,0x7FA,0x224]},
  '料':{w:12,h:7,rows:[0x104,0x504,0x5E4,0x39C,0x306,0x324,0x704]},
  '檔':{w:12,h:7,rows:[0x17E,0x1D2,0x5FE,0x5D2,0x37E,0x300,0x138]},
  '案':{w:12,h:7,rows:[0x666,0x1E8,0xF0,0x7FE,0x168,0xF8,0x7FE]},
  '儲':{w:12,h:7,rows:[0x2DE,0x2F2,0x2FE,0x2FA,0x21E,0x60C,0x6DE]},
  '存':{w:12,h:7,rows:[0x230,0x210,0x210,0x2FE,0x618,0x20C,0x13C]},
  '載':{w:12,h:7,rows:[0xB2,0x7FA,0x3A4,0x3E4,0x7AA,0x7EA,0x7FE]},
  '入':{w:12,h:7,rows:[0x402,0x204,0x108,0x190,0x90,0xF0,0x60]},
  '匯':{w:12,h:7,rows:[0x7FE,0x400,0x57C,0x4F0,0x478,0x5FC,0x5FC]},
  '連':{w:12,h:7,rows:[0x47E,0x280,0x110,0x3FE,0x7DA,0xFE,0x6FE]},
  '接':{w:12,h:7,rows:[0x646,0x238,0x2E4,0x764,0x2FE,0x230,0x2FE]},
  '斷':{w:12,h:7,rows:[0x44,0x7E4,0x6A4,0x5E4,0x7A4,0x7F6,0x7FE]},
  '線':{w:12,h:7,rows:[0x1DA,0x56A,0x52C,0x36A,0x78C,0x27E,0x77E]},
  '搜':{w:12,h:7,rows:[0x6C6,0x238,0x264,0x67E,0x310,0x2D6,0x2D2]},
  '尋':{w:12,h:7,rows:[0x98,0x108,0x7FE,0x8,0x3BC,0x1B4,0x39C]},
  '配':{w:12,h:7,rows:[0x7FE,0x4F2,0x7E0,0x4E0,0x7E0,0x5F0,0x7DE]},
  '對':{w:12,h:7,rows:[0x7CC,0x104,0x7C4,0x104,0x794,0x284,0x784]},
  '已':{w:12,h:7,rows:[0x1FE,0x202,0x202,0x200,0x200,0x200,0x3FC]},
  '完':{w:12,h:7,rows:[0x63E,0x132,0x1B0,0x1B0,0x3FC,0x0,0x5FA]},
  '成':{w:12,h:7,rows:[0x4E6,0x42A,0x2D2,0x2D8,0x2F8,0x3FC,0x3B4]},
  '失':{w:12,h:7,rows:[0x606,0x108,0x90,0xE0,0x60,0x7FE,0x460]},
  '敗':{w:12,h:7,rows:[0x442,0x2B4,0x8,0x7C8,0x4D4,0x4D4,0x7C4]},
  '錯':{w:12,h:7,rows:[0x7FE,0x162,0x57E,0x5E2,0x37E,0x7C0,0x7FE]},
  '誤':{w:12,h:7,rows:[0x746,0x528,0x510,0x77E,0x1A,0xFE,0x7DC]},
  '警':{w:12,h:7,rows:[0x1F8,0x108,0x108,0x3FC,0x0,0x7FE,0x3FC]},
  '告':{w:12,h:7,rows:[0x1F8,0x108,0x108,0x1F8,0x0,0x7FE,0x460]},
  '顯':{w:12,h:7,rows:[0x5E2,0x3F4,0x3E,0x7F2,0x7FE,0x7B2,0x7FE]},
  '示':{w:12,h:7,rows:[0xE0,0x462,0x264,0x168,0x60,0x7FE,0x7FE]},
  '隱':{w:12,h:7,rows:[0x53A,0x4E4,0x670,0x57E,0x502,0x57E,0x7FE]},
  '藏':{w:12,h:7,rows:[0x532,0x5EA,0x5C4,0x7E4,0x32A,0x7EA,0x5FE]},
  '用':{w:12,h:7,rows:[0x46E,0x462,0x262,0x262,0x3FE,0x262,0x3FE]},
  '自':{w:12,h:7,rows:[0x3FC,0x204,0x204,0x3FC,0x204,0x204,0x3FC]},
  '動':{w:12,h:7,rows:[0x7D8,0x104,0x7E2,0x332,0x7D2,0x7D2,0x7D2]},
  '手':{w:12,h:7,rows:[0xC0,0x60,0x60,0x7FE,0x60,0x60,0x3FC]},
  '藍':{w:12,h:7,rows:[0x7FE,0x2F4,0x2F4,0x7FC,0x700,0x7DE,0x7FE]},
  '牙':{w:12,h:7,rows:[0x70,0x610,0x190,0xD0,0x70,0x7FE,0x7FE]},
  '無':{w:12,h:7,rows:[0x452,0x2A4,0x0,0x7FE,0x1E8,0x3FC,0x7FE]},
  '網':{w:12,h:7,rows:[0x146,0x5FA,0x5E2,0x3F2,0x7FE,0x2DA,0x7FE]},
  '路':{w:12,h:7,rows:[0x7FC,0x564,0x564,0x5FC,0x5E6,0x138,0x798]},
  '訊':{w:12,h:7,rows:[0x722,0x522,0x524,0x724,0x34,0x7C,0x724]},
  '號':{w:12,h:7,rows:[0x366,0x194,0x594,0x7E4,0x67E,0x7F8,0x77E]},
  '強':{w:12,h:7,rows:[0x67E,0x112,0x110,0x3FE,0x7D2,0x4DA,0x67E]},
  '弱':{w:12,h:7,rows:[0x5AC,0x2D2,0x1CA,0x2D2,0x4F2,0x7FE,0x7BE]},
  '主':{w:12,h:7,rows:[0x7FE,0x60,0x60,0x60,0x3FC,0x60,0x60]},
  '次':{w:12,h:7,rows:[0xC2,0x64,0x438,0x238,0x110,0x10,0xD6]},
  '高':{w:12,h:7,rows:[0x406,0x4F2,0x492,0x4F2,0x402,0x7FE,0xF0]},
  '低':{w:12,h:7,rows:[0x2F2,0x202,0x2E4,0x2C4,0x2C8,0x6CC,0x6FE]},
  '快':{w:12,h:7,rows:[0x1C2,0x164,0x128,0x510,0x518,0x5FE,0x512]},
  '慢':{w:12,h:7,rows:[0x1C6,0x138,0x144,0x5C4,0x5FE,0x56E,0x5FE]},
  '多':{w:12,h:7,rows:[0x1E0,0x18,0x24,0xE2,0x732,0xDE,0x70]},
  '少':{w:12,h:7,rows:[0x380,0xE0,0x38,0xC,0xE4,0x462,0x366]},
  '大':{w:12,h:7,rows:[0x606,0x308,0x190,0xF0,0xE0,0x60,0x7FE]},
  '小':{w:12,h:7,rows:[0xE0,0x60,0x60,0x462,0x462,0x262,0x264]},
  '長':{w:12,h:7,rows:[0x3C6,0x118,0x124,0x364,0x7FE,0x100,0x1F8]},
  '短':{w:12,h:7,rows:[0x47E,0x488,0x2A4,0x3B4,0x17E,0x362,0x7FE]},
  '數':{w:12,h:7,rows:[0x662,0x1D4,0x668,0x3F8,0x3F4,0x3F4,0x7E4]},
  '字':{w:12,h:7,rows:[0xE0,0x60,0x60,0x7FE,0x60,0x30,0x5FA]},
  '母':{w:12,h:7,rows:[0x18,0x4,0x7FE,0x224,0x204,0x604,0x7FE]},
  '符':{w:12,h:7,rows:[0x20C,0x204,0x224,0x244,0x604,0x27E,0x104]},
  '空':{w:12,h:7,rows:[0x7FE,0x60,0x60,0x1F8,0x0,0x33C,0xA2]},
  '格':{w:12,h:7,rows:[0x17C,0x164,0x564,0x7FC,0x3E6,0x338,0x118]},
  '行':{w:12,h:7,rows:[0x238,0x208,0x208,0x608,0x608,0x27E,0x17E]},
  '工':{w:12,h:6,rows:[0x7FE,0x60,0x60,0x60,0x60,0x60]},
  '作':{w:12,h:7,rows:[0x210,0x210,0x210,0x21E,0x210,0x618,0x6DE]},
  '休':{w:12,h:7,rows:[0x210,0x210,0x292,0x2DC,0x278,0x630,0x610]},
  '眠':{w:12,h:7,rows:[0x72,0x7E2,0x4E4,0x5E4,0x7FE,0x4E8,0x7FE]},
  '暫':{w:12,h:7,rows:[0x3FC,0x204,0x3FC,0x204,0x3FC,0x1B4,0x7F4]},
  '執':{w:12,h:7,rows:[0x142,0x162,0x7E4,0x33C,0x7D4,0x2B4,0x7D4]},
  '結':{w:12,h:7,rows:[0x13E,0x5F2,0x5F2,0x33E,0x7C0,0x23E,0x73E]},
  '束':{w:12,h:7,rows:[0x666,0x168,0xF0,0xE0,0x3FC,0x264,0x3FC]},
  '重':{w:12,h:7,rows:[0x7FE,0x60,0x3FC,0x60,0x1F8,0x168,0x1F8]},
  '是':{w:12,h:7,rows:[0x63E,0x1E0,0x17C,0x60,0x7FE,0x0,0x1F8]},
  '否':{w:12,h:7,rows:[0x1F8,0x108,0x108,0x1F8,0x60,0x662,0x1E4]},
  '好':{w:12,h:7,rows:[0x270,0x210,0x190,0x710,0x498,0x2FE,0x290]},
  '壞':{w:12,h:7,rows:[0x72,0x764,0x2EA,0x238,0x256,0x218,0x6FE]},
  '新':{w:12,h:7,rows:[0x164,0x564,0x3F4,0x3B4,0x7F4,0x7FE,0x7FE]},
  '舊':{w:12,h:7,rows:[0x3FC,0x204,0x3FC,0x204,0x3BE,0x120,0x7FC]},
  '讀':{w:12,h:7,rows:[0x7C6,0x57C,0x564,0x77C,0x64,0xFE,0x7FE]},
  '寫':{w:12,h:7,rows:[0x26C,0x1EA,0x402,0x3FE,0x108,0x1B8,0x118]},
  '送':{w:12,h:7,rows:[0x4FE,0x280,0x1E2,0x334,0x718,0x7E,0x610]},
  '收':{w:12,h:7,rows:[0xC2,0xB4,0x788,0x588,0x494,0x494,0x4E4]},
  '般':{w:12,h:7,rows:[0x5E6,0x598,0x4A4,0x6B2,0x5FE,0x780,0x4A6]},
  '標':{w:12,h:7,rows:[0x172,0x174,0x5FE,0x700,0x37E,0x300,0x1FE]},
  '準':{w:12,h:7,rows:[0x40,0x60,0x7FE,0x460,0x2FE,0x1D0,0xFC]},
  '專':{w:12,h:7,rows:[0xB8,0x108,0x8,0x7FE,0x64,0x3F8,0x1F8]},
  '業':{w:12,h:7,rows:[0x646,0x1E8,0xF0,0x7FE,0x60,0x3FC,0x90]},
  '階':{w:12,h:7,rows:[0x47E,0x4C2,0x6FE,0x5C2,0x57E,0x518,0x7EE]},
  '版':{w:12,h:7,rows:[0x5E2,0x534,0x508,0x7D4,0x754,0x464,0x77C]},
  '本':{w:12,h:7,rows:[0x60,0x60,0x4F2,0x264,0x168,0xF0,0x60]},
  '更':{w:12,h:7,rows:[0x61E,0x160,0xC0,0x3C0,0x3FC,0x264,0x3FC]},
  '韌':{w:12,h:7,rows:[0x118,0x7C4,0x522,0x7F2,0x31E,0x3DA,0x7D2]},
  '體':{w:12,h:7,rows:[0x2FE,0x2A8,0x3A8,0x3FC,0x3E4,0x4FE,0x7FE]},
  '程':{w:12,h:7,rows:[0x17E,0x508,0x508,0x3FE,0x30C,0x33E,0x73E]},
  '池':{w:12,h:7,rows:[0x4FE,0x4C2,0x2C2,0x2F0,0xFC,0x6F4,0x4F4]},
  '充':{w:12,h:7,rows:[0x61E,0x132,0xA0,0xA0,0x1B2,0x3FC,0x88]},
  '滿':{w:12,h:7,rows:[0x496,0x4F2,0x2F6,0x2DA,0x9A,0x6FE,0x47C]},
  '計':{w:12,h:7,rows:[0x788,0x588,0x588,0x788,0x8,0x708,0x7BE]},
  '器':{w:12,h:7,rows:[0x3FC,0x2F4,0x2F4,0x7FE,0x198,0x7FE,0x3FC]},
  '鬧':{w:12,h:7,rows:[0x55A,0x56A,0x5FA,0x462,0x5FA,0x462,0x59A]},
  '鐘':{w:12,h:7,rows:[0x7FE,0x110,0x57E,0x5F2,0x37E,0x7FA,0x73E]},
  '提':{w:12,h:7,rows:[0x78E,0x2F0,0x2DC,0x7D8,0x2FE,0x200,0x2FC]},
  '醒':{w:12,h:7,rows:[0x7FE,0x4C8,0x7FE,0x4E8,0x7FE,0x5FC,0x7FE]},
  '通':{w:12,h:7,rows:[0x47E,0x280,0x1D6,0x3DA,0x7FE,0xDA,0x6FE]},
  '知':{w:12,h:7,rows:[0x400,0x27E,0x1D2,0x92,0x192,0x7D2,0x92]},
  '感':{w:12,h:7,rows:[0x4F8,0x282,0x24,0x4E0,0x4FE,0x2CC,0x2D4]},
  '應':{w:12,h:7,rows:[0x272,0x1C4,0x4D0,0x4FE,0x2EC,0x3FE,0x3FE]},
  '偵':{w:12,h:7,rows:[0x2C2,0x264,0x200,0x2FE,0x2C2,0x6FE,0x6FE]},
  '測':{w:12,h:7,rows:[0x516,0x4A2,0x202,0x2EA,0xAA,0x6AA,0x4EA]},
  '觸':{w:12,h:7,rows:[0x476,0x42A,0x7FA,0x5FA,0x7FA,0x7F2,0x7FE]},
  '發':{w:12,h:7,rows:[0x3E2,0xDC,0x7F4,0x47E,0x7C0,0xF6,0x79C]},
  '輸':{w:12,h:7,rows:[0x166,0x7E2,0x1EA,0x7EA,0x7EA,0x7EA,0x7EA]},
  '紅':{w:12,h:7,rows:[0x17E,0x5C8,0x5C8,0x308,0x7C8,0x208,0x708]},
  '綠':{w:12,h:7,rows:[0x130,0x5D2,0x574,0x318,0x754,0x21A,0x7FE]},
  '黃':{w:12,h:7,rows:[0x606,0x1F8,0x168,0x1F8,0x36C,0x7FE,0xF0]},
  '白':{w:12,h:7,rows:[0x3FC,0x204,0x204,0x204,0x3FC,0x204,0x204]},
  '黑':{w:12,h:7,rows:[0x4D2,0x2B4,0x0,0x7FE,0x60,0x3FC,0x3FC]},
  '灰':{w:12,h:7,rows:[0xC2,0x464,0x438,0x238,0x210,0x2D2,0x112]},
  '攝':{w:12,h:7,rows:[0x622,0x2FA,0x2EE,0x6EA,0x3EE,0x2FE,0x2FE]},
  '氏':{w:12,h:7,rows:[0x786,0x2E8,0x208,0x210,0x218,0x3FE,0x220]},
  '華':{w:12,h:7,rows:[0x40,0x7FE,0x60,0x3FC,0x368,0x7FE,0x3FC]},
  '比':{w:12,h:7,rows:[0x73E,0x3F2,0x232,0x230,0x230,0x3B8,0x3BE]},
  '加':{w:12,h:7,rows:[0x19E,0x4D2,0x472,0x272,0x272,0x172,0x172]},
  '減':{w:12,h:7,rows:[0x562,0x51A,0x384,0x3F4,0x1FC,0x7FA,0x5FA]},
  '乘':{w:12,h:7,rows:[0x666,0x1F8,0xE0,0x7EE,0x1FA,0x7FE,0x7F6]},
  '除':{w:12,h:7,rows:[0x430,0x492,0x6D4,0x518,0x5FE,0x510,0x77E]},
  '等':{w:12,h:7,rows:[0xB8,0x108,0x7FE,0x8,0x7FE,0x60,0x3FC]},
  '於':{w:12,h:7,rows:[0x18C,0x4F0,0x4C0,0x2C0,0x2C0,0x1DC,0x130]},
  '不':{w:12,h:7,rows:[0x60,0x60,0x60,0x62,0x664,0x1E8,0x70]},
  '始':{w:12,h:7,rows:[0x27E,0x262,0x1E2,0x762,0x4FE,0x280,0x2BE]},
  '止':{w:12,h:7,rows:[0x7FE,0x260,0x260,0x260,0x260,0x260,0x27C]},
  '製':{w:12,h:7,rows:[0x3C6,0x118,0x724,0x1E4,0x7FE,0x80,0x7E6]},
  '播':{w:12,h:7,rows:[0x67E,0x2D2,0x2FE,0x6D2,0x2FE,0x252,0x27E]},
  '放':{w:12,h:7,rows:[0x1E2,0x4D4,0x4C8,0x2C8,0x2D4,0x1D4,0x164]},
  '傳':{w:12,h:7,rows:[0x22C,0x264,0x204,0x2FE,0x204,0x6FE,0x6FE]},
  '備':{w:12,h:7,rows:[0x252,0x2FE,0x2D2,0x3FE,0x2DA,0x6FE,0x6FE]},
  '份':{w:12,h:7,rows:[0x2D8,0x2C4,0x264,0x264,0x264,0x6FE,0x682]},
  '還':{w:12,h:7,rows:[0x4FE,0x292,0x1F4,0x33A,0x77C,0x66,0x6FE]},
  '原':{w:12,h:7,rows:[0x60,0x522,0x4A4,0x230,0x2FC,0x284,0x2FC]},
  '密':{w:12,h:7,rows:[0x3FC,0x264,0x264,0x60,0x7BC,0xE6,0x5B6]},
  '碼':{w:12,h:7,rows:[0x38C,0x3F2,0x2F2,0x282,0x7FE,0x3D8,0x1FC]},
  '鎖':{w:12,h:7,rows:[0x7C2,0x124,0x500,0x5FE,0x362,0x7FE,0x77E]},
  '解':{w:12,h:7,rows:[0x4C8,0x4C8,0x7FE,0x5C8,0x7FC,0x7FE,0x7EC]},
  '退':{w:12,h:7,rows:[0x4FE,0x280,0x172,0x364,0x76A,0x7A,0x67C]},
  '正':{w:12,h:7,rows:[0x7FE,0x160,0x160,0x160,0x160,0x17C,0x160]},
  '負':{w:12,h:7,rows:[0x606,0x108,0x3FC,0x204,0x3FC,0x204,0x7FC]},
  '離':{w:12,h:7,rows:[0x47E,0x5E4,0x524,0x7FE,0x1A4,0x7F4,0x5BE]},
  '裝':{w:12,h:7,rows:[0x3C6,0x118,0x724,0x1E4,0x7FE,0x2C0,0x7DE]},
  '置':{w:12,h:7,rows:[0x7FE,0x108,0x1F8,0x108,0x1F8,0x30C,0x7FE]},
  '系':{w:12,h:7,rows:[0x462,0x264,0x168,0x60,0x7FE,0xC4,0x1A8]},
  '統':{w:12,h:7,rows:[0x1CE,0x56A,0x528,0x328,0x7FA,0x27E,0x724]},
  '記':{w:12,h:7,rows:[0x7FE,0x5E2,0x5E2,0x7E0,0x60,0x77E,0x7BE]},
  '憶':{w:12,h:7,rows:[0x17A,0x1E4,0x170,0x5FE,0x5C2,0x5FE,0x5FE]},
  '間':{w:12,h:7,rows:[0x4F6,0x492,0x4F2,0x492,0x4F2,0x402,0x7FE]},
  '處':{w:12,h:7,rows:[0x1BE,0x4E0,0x5F6,0x2FC,0x2FE,0x2C2,0x3FA]},
  '理':{w:12,h:7,rows:[0x7E,0x710,0x210,0x27E,0x218,0x7FE,0x2D2]},
  '核':{w:12,h:7,rows:[0x1E2,0x134,0x508,0x7F4,0x31A,0x32C,0x126]},
  '謝':{w:12,h:7,rows:[0x7B6,0x5D2,0x572,0x7F2,0xDE,0xFA,0x7F2]},
  '歡':{w:12,h:7,rows:[0x3C2,0x2E2,0x2D4,0x3D4,0x6C8,0x3E8,0x76A]},
  '迎':{w:12,h:7,rows:[0x4FE,0x280,0x110,0x3F6,0x7F2,0xD2,0x6D2]},
  '您':{w:12,h:7,rows:[0x4F8,0x282,0xA4,0x60,0x0,0x2B2,0x614]},
  '再':{w:12,h:7,rows:[0x20C,0x204,0x204,0x7FE,0x264,0x264,0x3FC]},
  '見':{w:12,h:7,rows:[0x63E,0x132,0x1B2,0x1F8,0x108,0x108,0x1F8]},
  '你':{w:12,h:7,rows:[0x270,0x210,0x292,0x292,0x2D4,0x614,0x612]},
  '我':{w:12,h:7,rows:[0x362,0x114,0x108,0x708,0x1D4,0x114,0x7FE]},
  '他':{w:12,h:7,rows:[0x2FE,0x2C2,0x2E2,0x2E0,0x2EC,0x6E4,0x6E4]},
  '她':{w:12,h:7,rows:[0x27E,0x262,0x1E0,0x770,0x4F6,0x2F2,0x2F2]},
  '它':{w:12,h:7,rows:[0xFC,0x104,0x104,0x100,0x1E0,0x138,0x102]},
  '們':{w:12,h:7,rows:[0x2C6,0x2C2,0x2C2,0x2C2,0x2C2,0x6E6,0x6FE]},
  '的':{w:12,h:7,rows:[0x18,0x784,0x482,0x482,0x592,0x7A2,0x482]},
  '在':{w:12,h:7,rows:[0x17E,0x110,0x110,0x710,0x318,0x17E,0x110]},
  '有':{w:12,h:7,rows:[0x8C,0x84,0xFC,0x84,0x7FC,0x184,0xFC]},
  '這':{w:12,h:7,rows:[0x47E,0x280,0x17C,0x364,0x77C,0x0,0x63C]},
  '那':{w:12,h:7,rows:[0x190,0x4DC,0x472,0x272,0x7F2,0x17C,0x7FC]},
  '什':{w:12,h:7,rows:[0x210,0x210,0x210,0x210,0x210,0x610,0x67E]},
  '麼':{w:12,h:7,rows:[0x1FE,0x4F4,0x490,0x2C8,0x3EA,0x2EA,0x3FE]},
  '為':{w:12,h:7,rows:[0xC,0x2F2,0x2F2,0x402,0x3FE,0x104,0xFC]},
  '怎':{w:12,h:7,rows:[0x4F8,0x282,0xA4,0x60,0xC0,0x4FC,0x6FC]},
  '可':{w:12,h:7,rows:[0x38,0x8,0x8,0x3C8,0x2C8,0x2C8,0x3C8]},
  '以':{w:12,h:7,rows:[0x42,0x622,0x394,0x248,0x208,0x204,0x204]},
  '要':{w:12,h:7,rows:[0x39C,0xE0,0x190,0x188,0x7FE,0xC0,0x3FC]},
  '也':{w:12,h:7,rows:[0xFE,0x102,0x162,0x160,0x16C,0x364,0x7E4]},
  '都':{w:12,h:7,rows:[0x3D0,0x27C,0x3F2,0x672,0x3D2,0x31C,0x7DC]},
  '沒':{w:12,h:7,rows:[0x4E6,0x238,0x168,0x64,0xFC,0x608,0x4DC]},
  '很':{w:12,h:7,rows:[0x2E2,0x2C4,0x2C8,0x2D4,0x6DA,0x2FC,0x1C4]},
  '地':{w:12,h:7,rows:[0x7E,0x662,0x1E0,0x170,0x176,0x172,0x7F2]},
  '方':{w:12,h:7,rows:[0x70,0x108,0x104,0x184,0x84,0xFC,0xFC]},
  '人':{w:12,h:7,rows:[0x402,0x204,0x108,0x190,0x90,0xF0,0x60]},
  '家':{w:12,h:7,rows:[0xE0,0x726,0xF8,0x78,0x3AC,0x64,0x5FA]},
  '事':{w:12,h:7,rows:[0xC0,0x60,0x3FC,0x64,0x7FE,0x64,0x3FC]},
  '情':{w:12,h:7,rows:[0x142,0x17E,0x162,0x57E,0x562,0x57E,0x53E]},
  '看':{w:12,h:7,rows:[0xFC,0x84,0x6FC,0x184,0xFC,0xC0,0x7FE]},
  '道':{w:12,h:7,rows:[0x4FE,0x280,0x17C,0x364,0x764,0x7C,0x67C]},
  '文':{w:12,h:7,rows:[0x70E,0x1F8,0x60,0xF0,0xD0,0x198,0x88]},
  '像':{w:12,h:7,rows:[0x230,0x2CA,0x26C,0x2DA,0x26C,0x6FE,0x6D2]},
  '素':{w:12,h:7,rows:[0x646,0x168,0x7FE,0x164,0x1B0,0x7FE,0x1F8]},
  '螢':{w:12,h:7,rows:[0x7FE,0x62,0x1F8,0x168,0x1F8,0x462,0x7FE]},
  '幕':{w:12,h:7,rows:[0x158,0x168,0x56A,0x3FC,0x36C,0x7FE,0x1F8]}
};
size=11: 363 glyphs, 0 skipped

CUBIC11[16] = {
  ' ':{w:5,h:1,rows:[0x0]},
  '!':{w:5,h:7,rows:[0xC,0x0,0xC,0xC,0xC,0xC,0xC]},
  '"':{w:8,h:1,rows:[0x0]},
  '#':{w:9,h:7,rows:[0xCC,0xCC,0x1FE,0x1FE,0xCC,0xCC,0xCC]},
  '$':{w:9,h:9,rows:[0x20,0x60,0xFC,0x122,0x22,0x22,0x22,0xFC,0x118]},
  '%':{w:11,h:7,rows:[0x38,0x444,0x344,0x364,0xB8,0x40,0x3B0]},
  '&':{w:9,h:7,rows:[0xF2,0x10C,0x10C,0x10C,0x112,0xE2,0xD0]},
  "'":{w:5,h:1,rows:[0x0]},
  '(':{w:8,h:9,rows:[0x8,0x8,0x10,0x10,0x60,0x60,0x60,0x60,0x60]},
  ')':{w:8,h:9,rows:[0x60,0x60,0x10,0x10,0x8,0x8,0x8,0x8,0x8]},
  '*':{w:8,h:5,rows:[0x10,0x10,0x96,0x78,0x30]},
  '+':{w:11,h:6,rows:[0x40,0x40,0x40,0x40,0x7FC,0x60]},
  ',':{w:5,h:4,rows:[0x18,0x1C,0xC,0xC]},
  '-':{w:9,h:1,rows:[0x1FE]},
  '.':{w:5,h:1,rows:[0xC]},
  '/':{w:11,h:9,rows:[0x300,0x300,0x300,0x180,0x180,0xC0,0x60,0x60,0x70]},
  '0':{w:9,h:7,rows:[0x3C,0xC2,0xC2,0xC2,0xC2,0xC2,0xC2]},
  '1':{w:8,h:7,rows:[0x8,0x8,0x8,0x8,0x8,0x8,0x8]},
  '2':{w:9,h:7,rows:[0xFE,0xC0,0x60,0x20,0x10,0xC,0x6]},
  '3':{w:9,h:7,rows:[0x3C,0xC2,0x2,0x2,0x2,0x3C,0x18]},
  '4':{w:9,h:7,rows:[0xC,0xC,0x1FE,0x1FE,0xCC,0xCC,0x6C]},
  '5':{w:9,h:7,rows:[0x3C,0xC2,0xC2,0xC2,0x2,0x2,0xFC]},
  '6':{w:9,h:7,rows:[0x3C,0xC2,0xC2,0xC2,0xC2,0xC2,0xFC]},
  '7':{w:9,h:7,rows:[0x20,0x20,0x10,0x10,0x10,0xC,0xC]},
  '8':{w:9,h:7,rows:[0x3C,0xC2,0xC2,0xC2,0xC2,0x3C,0xC6]},
  '9':{w:9,h:7,rows:[0x30,0xC,0x6,0x6,0x3E,0xC2,0xC2]},
  ':':{w:5,h:7,rows:[0xC,0x0,0x0,0x0,0x0,0x0,0xC]},
  ';':{w:5,h:10,rows:[0x18,0x1C,0xC,0xC,0x0,0x0,0x0,0x0,0x0,0xC]},
  '<':{w:11,h:8,rows:[0x8,0x18,0x30,0x60,0xC0,0x180,0x300,0x180]},
  '=':{w:9,h:3,rows:[0x1FE,0x0,0x1FE]},
  '>':{w:11,h:7,rows:[0x300,0x180,0xC0,0x60,0x30,0x18,0x38]},
  '?':{w:9,h:7,rows:[0x20,0x0,0x20,0x20,0x20,0x10,0xC]},
  '@':{w:11,h:7,rows:[0xF8,0x300,0x478,0x478,0x484,0x484,0x484]},
  'A':{w:11,h:7,rows:[0x404,0x404,0x3F8,0x3F8,0x308,0x308,0x1B0]},
  'B':{w:9,h:7,rows:[0x1FC,0x102,0x102,0x102,0x102,0x1FC,0x182]},
  'C':{w:9,h:7,rows:[0x3C,0xC2,0x100,0x100,0x100,0x100,0x100]},
  'D':{w:11,h:7,rows:[0x7F0,0x408,0x404,0x404,0x404,0x404,0x404]},
  'E':{w:9,h:7,rows:[0x1FE,0x100,0x100,0x100,0x100,0x1FC,0x180]},
  'F':{w:9,h:7,rows:[0x100,0x100,0x100,0x100,0x100,0x1FC,0x180]},
  'G':{w:11,h:7,rows:[0xF4,0x30C,0x404,0x404,0x404,0x43C,0x400]},
  'H':{w:11,h:7,rows:[0x404,0x404,0x404,0x404,0x404,0x7FC,0x604]},
  'I':{w:5,h:7,rows:[0xC,0xC,0xC,0xC,0xC,0xC,0xC]},
  'J':{w:9,h:7,rows:[0xF0,0x10C,0x102,0x102,0x2,0x2,0x2]},
  'K':{w:9,h:7,rows:[0x102,0x10C,0x118,0x110,0x120,0x1C0,0x1E0]},
  'L':{w:9,h:7,rows:[0x1FE,0x100,0x100,0x100,0x100,0x100,0x100]},
  'M':{w:13,h:7,rows:[0x1002,0x1002,0x1002,0x1002,0x1002,0x10C2,0x1122]},
  'N':{w:11,h:7,rows:[0x404,0x404,0x404,0x404,0x40C,0x434,0x444]},
  'O':{w:11,h:7,rows:[0xF0,0x308,0x404,0x404,0x404,0x404,0x404]},
  'P':{w:9,h:7,rows:[0x100,0x100,0x100,0x100,0x100,0x1FC,0x182]},
  'Q':{w:11,h:10,rows:[0xC,0x30,0x30,0xF0,0x308,0x604,0x404,0x404,0x404,0x404]},
  'R':{w:9,h:7,rows:[0x102,0x10C,0x110,0x110,0x120,0x1FC,0x182]},
  'S':{w:9,h:7,rows:[0xFC,0x102,0x2,0x2,0x2,0xFC,0x100]},
  'T':{w:11,h:7,rows:[0x40,0x40,0x40,0x40,0x40,0x40,0x40]},
  'U':{w:11,h:7,rows:[0xF0,0x308,0x404,0x404,0x404,0x404,0x404]},
  'V':{w:11,h:7,rows:[0x40,0x40,0xB0,0xB0,0xB0,0x308,0x308]},
  'W':{w:13,h:7,rows:[0x210,0x210,0x210,0x618,0xD2C,0xD2C,0xCCC]},
  'X':{w:9,h:8,rows:[0x102,0x186,0x186,0x1CE,0xCC,0xCC,0x78,0xFC]},
  'Y':{w:11,h:7,rows:[0x40,0x40,0x40,0x40,0x40,0xB0,0x318]},
  'Z':{w:9,h:7,rows:[0x1FE,0x100,0x100,0x100,0xC0,0x20,0x10]},
  '[':{w:8,h:9,rows:[0x78,0x78,0x60,0x60,0x60,0x60,0x60,0x60,0x60]},
  '\\':{w:11,h:9,rows:[0x8,0x8,0x8,0x30,0x30,0x30,0x40,0x40,0x80]},
  ']':{w:8,h:9,rows:[0x78,0x78,0x8,0x8,0x8,0x8,0x8,0x8,0x8]},
  '^':{w:8,h:1,rows:[0x0]},
  '_':{w:9,h:2,rows:[0x1FE,0x1FE]},
  '`':{w:5,h:1,rows:[0x0]},
  'a':{w:8,h:7,rows:[0x7E,0x86,0x86,0xC6,0x7E,0x6,0x7C]},
  'b':{w:8,h:7,rows:[0xF8,0x86,0x86,0x86,0x86,0x86,0xFC]},
  'c':{w:8,h:7,rows:[0x78,0x86,0x80,0x80,0x80,0x86,0x7C]},
  'd':{w:8,h:7,rows:[0x7E,0x86,0x86,0x86,0x86,0x86,0x7E]},
  'e':{w:8,h:7,rows:[0x78,0x86,0x80,0xC0,0xFE,0x86,0x7C]},
  'f':{w:8,h:7,rows:[0x10,0x10,0x10,0x10,0x10,0x10,0xFE]},
  'g':{w:8,h:11,rows:[0x78,0x86,0x6,0x6,0x7E,0x86,0x86,0x86,0x86,0x86,0x7E]},
  'h':{w:8,h:7,rows:[0x86,0x86,0x86,0x86,0x86,0xE6,0xFC]},
  'i':{w:5,h:7,rows:[0xC,0xC,0xC,0xC,0xC,0xC,0xC]},
  'j':{w:5,h:10,rows:[0x10,0xC,0xC,0xC,0xC,0xC,0xC,0xC,0xC,0xC]},
  'k':{w:8,h:7,rows:[0x86,0x88,0x90,0xF0,0xE0,0x90,0x88]},
  'l':{w:5,h:7,rows:[0xC,0xC,0xC,0xC,0xC,0xC,0xC]},
  'm':{w:11,h:7,rows:[0x444,0x444,0x444,0x444,0x444,0x444,0x7F8]},
  'n':{w:8,h:7,rows:[0x86,0x86,0x86,0x86,0x86,0xE6,0xFC]},
  'o':{w:8,h:7,rows:[0x78,0x86,0x86,0x86,0x86,0x86,0x7C]},
  'p':{w:8,h:11,rows:[0x80,0x80,0x80,0xC0,0xF8,0x86,0x86,0x86,0x86,0x86,0xFC]},
  'q':{w:8,h:11,rows:[0x6,0x6,0x6,0x6,0x7E,0x86,0x86,0x86,0x86,0x86,0x7E]},
  'r':{w:7,h:7,rows:[0x40,0x40,0x40,0x40,0x40,0x70,0x7C]},
  's':{w:8,h:7,rows:[0x78,0x86,0x6,0x6,0x78,0x80,0x78]},
  't':{w:7,h:7,rows:[0xC,0x30,0x30,0x30,0x30,0x30,0x7C]},
  'u':{w:8,h:7,rows:[0x76,0x8E,0x86,0x86,0x86,0x86,0x86]},
  'v':{w:8,h:7,rows:[0x10,0x10,0x68,0x68,0x68,0x86,0x86]},
  'w':{w:13,h:7,rows:[0x210,0x210,0xD2C,0xD2C,0xD2C,0x10C2,0x10C2]},
  'x':{w:8,h:7,rows:[0x86,0x68,0x30,0x10,0x10,0x68,0xC6]},
  'y':{w:8,h:11,rows:[0x78,0x86,0x6,0x6,0x7E,0x86,0x86,0x86,0x86,0x86,0x86]},
  'z':{w:8,h:7,rows:[0xFE,0x80,0x60,0x60,0x10,0x8,0xFE]},
  '{':{w:11,h:9,rows:[0x38,0x38,0x40,0x40,0x40,0x40,0x40,0x380,0x40]},
  '|':{w:8,h:9,rows:[0x10,0x10,0x10,0x10,0x10,0x10,0x10,0x10,0x10]},
  '}':{w:11,h:9,rows:[0x380,0x380,0x40,0x40,0x40,0x40,0x40,0x38,0x60]},
  '~':{w:9,h:2,rows:[0x11C,0xE2]},
  '零':{w:17,h:9,rows:[0x230,0x230,0x20C,0x3FFC,0x0,0x0,0xEFEE,0x1C30,0xCFD2]},
  '一':{w:17,h:1,rows:[0xFFFE]},
  '二':{w:17,h:1,rows:[0xFFFE]},
  '三':{w:17,h:8,rows:[0xFFFE,0xFFFE,0x0,0x0,0x0,0x0,0x0,0x1FF0]},
  '四':{w:17,h:9,rows:[0xC002,0xC006,0xFFFE,0xC002,0xC002,0xC006,0xE03E,0xD0C2,0xCCC2]},
  '五':{w:17,h:9,rows:[0xFFFE,0xFFFE,0xC10,0xC10,0xC10,0xC10,0x210,0x210,0x1FF0]},
  '六':{w:17,h:8,rows:[0xC002,0xC002,0xC002,0x200C,0x200C,0x200C,0x1010,0x1010]},
  '七':{w:17,h:9,rows:[0x3FE,0x7FE,0xC02,0xC02,0xC00,0xC00,0xC00,0xC00,0xFC00]},
  '八':{w:17,h:9,rows:[0xC002,0xC002,0xC002,0x200C,0x200C,0x200C,0x2010,0x1010,0x1010]},
  '九':{w:17,h:9,rows:[0xE01E,0xE01E,0x1022,0xC22,0xC20,0xC20,0x220,0x220,0x220]},
  '十':{w:17,h:9,rows:[0x100,0x100,0x100,0x100,0x100,0x100,0x100,0x100,0xFFFE]},
  '百':{w:17,h:9,rows:[0x3FFC,0x3FFC,0x200C,0x200C,0x200C,0x200C,0x3FFC,0x200C,0x200C]},
  '千':{w:17,h:9,rows:[0x100,0x100,0x100,0x100,0x100,0x100,0x100,0xFFFE,0x180]},
  '萬':{w:17,h:9,rows:[0xC00E,0xC00E,0xDFF2,0xC112,0xFFFE,0xFFFE,0x1110,0x1FF0,0x1990]},
  '億':{w:17,h:9,rows:[0x31F2,0x39FE,0x2D0C,0x2120,0x23FE,0x23FE,0x2202,0x23FE,0xE206]},
  '兆':{w:17,h:9,rows:[0xE0FE,0xE0FE,0x10C2,0xCC0,0xCCC2,0xCCC6,0x2CCC,0x1CD0,0xCC0]},
  '度':{w:17,h:9,rows:[0x3C1E,0x3C1E,0x3E0,0xC210,0xCFFC,0xCFFC,0x2000,0x23F0,0x2210]},
  '分':{w:17,h:9,rows:[0x30E0,0x38E0,0xC10,0xC10,0x610,0x210,0xC210,0xDFF2,0x6002]},
  '秒':{w:17,h:9,rows:[0x13C0,0x13C0,0xD030,0xD00C,0x7C06,0x3C02,0x30E0,0x1020,0xF020]},
  '時':{w:17,h:9,rows:[0x1C,0x1C,0xFCCC,0xCD0C,0xCC0C,0xCC0C,0xCFFE,0xFC0C,0xCFFE]},
  '日':{w:17,h:9,rows:[0x3FFC,0x3FFC,0x200C,0x200C,0x200C,0x200C,0x200C,0x3FFC,0x200C]},
  '月':{w:17,h:9,rows:[0xC03C,0xC03C,0xC00C,0x200C,0x200C,0x200C,0x3FFC,0x200C,0x200C]},
  '年':{w:17,h:9,rows:[0xC0,0xC0,0xC0,0xC0,0xFFFE,0xFFFE,0x10C0,0x10C0,0x1FFC]},
  '週':{w:17,h:9,rows:[0xC3FE,0xC7FE,0x2C00,0x10F2,0x12D2,0x12D2,0xF2F2,0x202,0x23FE]},
  '上':{w:17,h:9,rows:[0xFFFE,0xFFFE,0x200,0x200,0x200,0x200,0x200,0x200,0x3FC]},
  '下':{w:17,h:9,rows:[0x200,0x200,0x200,0x200,0x200,0x200,0x200,0x21C,0x2E0]},
  '左':{w:17,h:9,rows:[0xFFE,0xFFE,0xC020,0x2020,0x2020,0x2020,0x1020,0x13FE,0xC00]},
  '右':{w:17,h:9,rows:[0xFFC,0xFFC,0xC0C,0xC0C,0xEC0C,0xEC0C,0x1C0C,0xFFC,0x600]},
  '前':{w:17,h:9,rows:[0x2E1C,0x2E1C,0x220C,0x22CC,0x3ECC,0x3ECC,0x22CC,0x3ECC,0x26CC]},
  '後':{w:17,h:9,rows:[0x2F0E,0x2F8E,0x20F0,0x2D0C,0x27FC,0x63FC,0xE100,0x23FE,0x10CC]},
  '內':{w:17,h:9,rows:[0xC01E,0xC01E,0xC002,0xC002,0xD012,0xD812,0xCC22,0xC2C2,0xC182]},
  '外':{w:17,h:9,rows:[0xE020,0xE020,0x1020,0xC20,0xC20,0xC20,0x222,0xCE2C,0xDE38]},
  '中':{w:17,h:9,rows:[0x100,0x100,0x100,0x100,0x100,0x180,0xFFFE,0xC102,0xC102]},
  '心':{w:17,h:9,rows:[0x3E0,0x7E0,0xC10,0xCC10,0xCC02,0xCC02,0x2C02,0x2C0C,0xC0C]},
  '開':{w:17,h:9,rows:[0xCCCE,0xCCCE,0xC2C2,0xDFF2,0xC6C2,0xC6C2,0xDFF2,0xC002,0xFEFE]},
  '關':{w:17,h:9,rows:[0xCCCE,0xCCCE,0xDEF2,0xD2D2,0xCDE2,0xCDE2,0xD2D2,0xCC22,0xFEFE]},
  '閉':{w:17,h:9,rows:[0xC1CE,0xC1CE,0xDCC2,0xC2C2,0xC1C2,0xC1C2,0xDFF2,0xC0C2,0xFEFE]},
  '進':{w:17,h:9,rows:[0xC3FE,0xC7FE,0x2C00,0x11FE,0x1198,0x1110,0xF110,0x1FE,0x2198]},
  '出':{w:17,h:9,rows:[0xFFFE,0xFFFE,0xC102,0xC102,0xC102,0xC102,0x100,0x100,0x3FFC]},
  '停':{w:17,h:9,rows:[0x21E0,0x21E0,0x2020,0x2020,0x23FE,0x27FE,0x2C02,0x2FFE,0xE000]},
  '啟':{w:17,h:9,rows:[0x1FC2,0x1FC6,0xD12C,0xD110,0xDF10,0xDF18,0x202C,0x3E2C,0x260C]},
  '設':{w:17,h:9,rows:[0xF30E,0xF38E,0xD0F0,0xD110,0xF10C,0xF18C,0x3FC,0x0,0xF21E]},
  '定':{w:17,h:9,rows:[0xE0FE,0xE0FE,0x1F00,0x1100,0x11FC,0x11FC,0x100,0x100,0x1FF0]},
  '確':{w:17,h:9,rows:[0x3DFE,0x3DFE,0x2D10,0x2DFE,0x2D98,0x6D98,0xEDFE,0x3F10,0x19FE]},
  '認':{w:17,h:9,rows:[0xF0F0,0xF0F0,0xD102,0xDC2C,0xFEC0,0xF2C0,0x0,0x21C,0xF126]},
  '取':{w:17,h:9,rows:[0x302,0x386,0xE2CC,0x3E30,0x2610,0x2218,0x222C,0x3E2C,0x26C6]},
  '消':{w:17,h:9,rows:[0xC20E,0xC20E,0x2202,0x13FE,0x206,0x206,0x3FE,0x2202,0xC3FE]},
  '返':{w:17,h:9,rows:[0xC3FE,0xC7FE,0x2C00,0x11C2,0x106C,0x102C,0xF210,0x22C,0x212C]},
  '回':{w:17,h:9,rows:[0xFFFE,0xFFFE,0xC002,0xC002,0xCFE2,0xCFE2,0xCC22,0xCC22,0xCC22]},
  '選':{w:17,h:9,rows:[0xC3FE,0xC7FE,0x2C00,0x130E,0x10D8,0x10D8,0xF3FE,0xD0,0x23FE]},
  '擇':{w:17,h:9,rows:[0xE020,0xE060,0x23FE,0x2020,0xEFFE,0xEFFE,0x310C,0x23FE,0x2060]},
  '切':{w:17,h:9,rows:[0x30,0x38,0x20C,0x1E02,0x2102,0x2102,0x2102,0x20C2,0x20C2]},
  '換':{w:17,h:9,rows:[0xEE02,0xEE06,0x210C,0x20D0,0xEFFE,0xEFFE,0x3222,0x231E,0x22DE]},
  '模':{w:17,h:9,rows:[0x1302,0x1386,0x10CC,0xD020,0xD3FE,0xDFFE,0x3D02,0x31FE,0x1186]},
  '式':{w:17,h:9,rows:[0xF002,0xF802,0xFC2,0xC0C,0xC0C,0xC0C,0xC10,0x3F10,0x10]},
  '音':{w:17,h:9,rows:[0x1FF0,0x1FF0,0x1010,0x1FF0,0x1810,0x1810,0x1FF0,0x0,0xFFFE]},
  '量':{w:17,h:9,rows:[0xFFFE,0xFFFE,0x100,0x3FFC,0x1998,0x1990,0x1FF0,0x1110,0xFFFE]},
  '亮':{w:17,h:9,rows:[0xE0FE,0xE0FE,0x10C2,0xCC0,0xCCC2,0xCCC6,0xFFFE,0x0,0x1FF0]},
  '溫':{w:17,h:9,rows:[0xCFFE,0xCFFE,0x22D2,0x12D2,0x2D2,0x2DE,0x3FE,0x2000,0xC3FC]},
  '濕':{w:17,h:9,rows:[0xCCD2,0xCCD2,0xC2D2,0x2000,0x23DE,0x23DE,0x2D2,0x210C,0xC3FE]},
  '速':{w:17,h:9,rows:[0xC3FE,0xC7FE,0x2C00,0x1222,0x112C,0x11EC,0xF0E0,0x3FE,0x2266]},
  '電':{w:17,h:9,rows:[0x1FE,0x1FE,0x102,0x3FFC,0x218C,0x218C,0x3FFC,0x210C,0x3FFC]},
  '壓':{w:17,h:9,rows:[0xFFFE,0xFFFE,0xC0,0xDFFC,0xD986,0xD986,0xDFCC,0xD130,0xDF10]},
  '流':{w:17,h:9,rows:[0xCCCE,0xCCCE,0xCCD2,0x22D0,0x22D0,0x22D0,0x2D0,0x2002,0xCFF2]},
  '功':{w:17,h:9,rows:[0x30,0x38,0xE10C,0x1D02,0x18C2,0x10C2,0x10C2,0x1022,0x1022]},
  '率':{w:17,h:9,rows:[0x100,0x100,0x100,0xFFFE,0x180,0x180,0xCFE2,0x222C,0x100]},
  '頻':{w:17,h:9,rows:[0xE1C2,0xE1C6,0x102C,0xCFE,0x3EC6,0x72C6,0xD2FE,0xD2C2,0x10FE]},
  '首':{w:17,h:9,rows:[0x1FF0,0x1FF0,0x1010,0x1FF0,0x1810,0x1810,0x1FF0,0x1010,0x1FF0]},
  '頁':{w:17,h:9,rows:[0xE00E,0xE00E,0x1010,0x1FF0,0x1810,0x1810,0x1FF0,0x1010,0x1FF0]},
  '目':{w:17,h:9,rows:[0x3FFC,0x3FFC,0x200C,0x200C,0x200C,0x200C,0x3FFC,0x200C,0x200C]},
  '錄':{w:17,h:9,rows:[0xFCE0,0xFCE0,0x1222,0xD12C,0xD038,0xD038,0x132C,0xFC22,0x1FFE]},
  '資':{w:17,h:9,rows:[0xE00E,0xE00E,0x1FF0,0x1010,0x1FF0,0x1FF0,0x1010,0xDFF2,0x618C]},
  '料':{w:17,h:9,rows:[0x100C,0x100C,0xD00C,0xD3CC,0x7C7C,0x3C3C,0x300E,0x10CC,0xFD8C]},
  '檔':{w:17,h:9,rows:[0x13FE,0x13FE,0x1222,0xD3FE,0xDE66,0xDE66,0x33FE,0x3000,0x10F0]},
  '案':{w:17,h:9,rows:[0xE10E,0xE10E,0x1D10,0x320,0xFFFE,0xFFFE,0x1110,0xFE0,0xC10]},
  '儲':{w:17,h:9,rows:[0x2F3E,0x2F3E,0x2D22,0x2D3E,0x2FE6,0x2FE6,0x203E,0x2010,0xEF3E]},
  '存':{w:17,h:9,rows:[0x20E0,0x20E0,0x2020,0x2020,0x2FFE,0x6FFE,0xE020,0x2010,0x100C]},
  '載':{w:17,h:9,rows:[0xCE2,0xCE2,0xFFD2,0x2CCC,0x3FCC,0x3FCC,0x2CD2,0xFFD2,0xC10]},
  '入':{w:17,h:9,rows:[0xC002,0xC006,0x200C,0x1010,0xC20,0xC20,0xC20,0x2C0,0x2C0]},
  '匯':{w:17,h:9,rows:[0xFFFE,0xFFFE,0xC000,0xD1FC,0xCDE0,0xCD20,0xC120,0xCDFC,0xDFE0]},
  '連':{w:17,h:9,rows:[0xC3FE,0xC7FE,0x2C00,0x1020,0x13FE,0x13FE,0xF222,0x3FE,0x2266]},
  '接':{w:17,h:9,rows:[0xE30E,0xE38E,0x20F0,0x230C,0xF10C,0xF98C,0x2FFE,0x20C0,0x2FFE]},
  '斷':{w:17,h:9,rows:[0x10C,0x10C,0xFF0C,0xECCC,0xDECC,0xDECC,0xECCC,0xD2CC,0xFFFE]},
  '線':{w:17,h:9,rows:[0x1232,0x1232,0xD112,0xD0DC,0x11DE,0x19D2,0xFC10,0x21FE,0x1186]},
  '搜':{w:17,h:9,rows:[0xEF0E,0xEF8E,0x20F0,0x210C,0xE3FE,0xE3FE,0x3020,0x232E,0x2226]},
  '尋':{w:17,h:9,rows:[0xC30,0xC30,0x1010,0xFFFE,0x18,0x18,0x3EFC,0xCCC,0x3EFC]},
  '配':{w:17,h:9,rows:[0xFEFE,0xFEFE,0xC2C2,0xFEC0,0xC6C0,0xC6C0,0xEEC0,0xD2C0,0xD2FE]},
  '對':{w:17,h:9,rows:[0xFE1C,0xFE1C,0x100C,0xFE0C,0x180C,0x180C,0xFE2C,0x2CCC,0x2C0C]},
  '已':{w:17,h:9,rows:[0x1FFE,0x1FFE,0x2002,0x2002,0x2000,0x2000,0x2000,0x2000,0x3FFC]},
  '完':{w:17,h:7,rows:[0xE0FE,0xE0FE,0x10C2,0xCC0,0xCC0,0xCC0,0x3FFC]},
  '成':{w:17,h:9,rows:[0xC30E,0xC38E,0xC0D2,0x2E22,0x2620,0x2260,0x22D0,0x22D0,0x3ECC]},
  '失':{w:17,h:9,rows:[0xE00E,0xE00E,0x1010,0xC20,0x6C0,0x2C0,0x100,0xFFFE,0xC180]},
  '敗':{w:17,h:9,rows:[0xC302,0xC786,0x2CEC,0x10,0xFE10,0xFE18,0xC22C,0xC22C,0xFE0C]},
  '錯':{w:17,h:9,rows:[0xFFFE,0xFFFE,0x1102,0xD1FE,0xDD86,0xDD86,0x11FE,0xFE00,0x19FE]},
  '誤':{w:17,h:9,rows:[0xF30E,0xF38E,0xD0D0,0xD020,0xF3FE,0xF3FE,0x22,0x3FE,0xF200]},
  '警':{w:17,h:9,rows:[0x1FF0,0x1FF0,0x1010,0x1010,0x3FFC,0x3FFC,0x0,0xFFFE,0x6CC]},
  '告':{w:17,h:9,rows:[0x1FF0,0x1FF0,0x1010,0x1010,0x1FF0,0x1FF0,0x0,0xFFFE,0xC180]},
  '顯':{w:17,h:9,rows:[0xD2C2,0xDEC6,0x2D2C,0xFE,0xFEC6,0xFEC6,0xD2FE,0x2CC2,0xFEFE]},
  '示':{w:17,h:9,rows:[0x300,0x300,0xC102,0x210C,0x1118,0x1110,0x100,0x100,0xFFFE]},
  '隱':{w:17,h:9,rows:[0xD0F2,0xD8FE,0xCD0C,0xE120,0xD3FE,0xD3FE,0xD002,0xD3FE,0xD006]},
  '藏':{w:17,h:9,rows:[0xD0E2,0xD8E2,0xDFD2,0xD20C,0xFFCC,0xFFCC,0x10D2,0xFFD2,0xDE10]},
  '用':{w:17,h:9,rows:[0x11E,0xC11E,0xC102,0x2102,0x2102,0x2186,0x3FFE,0x2102,0x2102]},
  '自':{w:17,h:9,rows:[0x3FFC,0x3FFC,0x200C,0x200C,0x3FFC,0x3FFC,0x200C,0x200C,0x3FFC]},
  '動':{w:17,h:9,rows:[0xFE30,0xFE38,0x100C,0xFEC2,0x18C2,0x18C2,0xFE22,0xD222,0xFE22]},
  '手':{w:17,h:9,rows:[0xF00,0xF00,0x100,0x100,0xFFFE,0xFFFE,0x100,0x100,0x3FFC]},
  '藍':{w:17,h:9,rows:[0xFFFE,0xFFFE,0x22CC,0x22CC,0xFFFC,0xFFFC,0xD000,0xFE3E,0xC700]},
  '牙':{w:17,h:9,rows:[0x1E0,0x1E0,0xE020,0x1C20,0x620,0x220,0x120,0xE0,0xFFFE]},
  '無':{w:17,h:9,rows:[0xC222,0xC666,0x2CCC,0x0,0xFFFE,0xFFFE,0x12D0,0x12D0,0xFFFE]},
  '網':{w:17,h:9,rows:[0x120E,0x120E,0xD2F2,0xD2C2,0x12C2,0x1EC6,0xFFFE,0x2222,0x13FE]},
  '路':{w:17,h:9,rows:[0xFDFC,0xFDFC,0xD10C,0xD10C,0xD3FC,0xDFFC,0xDD0E,0x10D0,0x1060]},
  '訊':{w:17,h:9,rows:[0xF0C2,0xF0C2,0xD0C2,0xD0CC,0xF0CC,0xF0CC,0xCC,0x3FC,0xF0CC]},
  '號':{w:17,h:9,rows:[0x31CE,0x39CE,0xC2C,0xCC2C,0xFD0C,0xFD0C,0x213E,0xFF20,0x1FC]},
  '強':{w:17,h:9,rows:[0xE3FE,0xE3FE,0x1022,0x1020,0x13FE,0x13FE,0xF222,0xC222,0xC3FE]},
  '弱':{w:17,h:9,rows:[0xDCDC,0xDCDC,0x2222,0x1212,0x2222,0x6262,0xC2C2,0xFEFE,0xC0C0]},
  '主':{w:17,h:9,rows:[0xFFFE,0xFFFE,0x100,0x100,0x100,0x180,0x3FFC,0x100,0x100]},
  '次':{w:17,h:9,rows:[0xE02,0xF06,0x18C,0xC0D8,0x60D8,0x30F0,0x1860,0x60,0x26C]},
  '高':{w:17,h:8,rows:[0xC00E,0xC00E,0xCFE2,0xCC22,0xCFE2,0xCFE2,0xC002,0xFFFE]},
  '低':{w:17,h:9,rows:[0x2FE2,0x2FE2,0x2002,0x23CC,0x220C,0x220C,0x2210,0x2210,0xE3FE]},
  '快':{w:17,h:9,rows:[0x1E02,0x1E06,0x110C,0x10D0,0xD060,0xD020,0xD020,0xDFFE,0xD866]},
  '慢':{w:17,h:9,rows:[0x1F0E,0x1F8E,0x10F0,0x110C,0xD20C,0xDE0C,0xDFFE,0xD112,0xDFFE]},
  '多':{w:17,h:9,rows:[0x1FC0,0x1FC0,0x30,0xCC,0x386,0x382,0xF0C2,0xE3E,0x1C0]},
  '少':{w:17,h:9,rows:[0x3C00,0x3C00,0x300,0xE0,0x10,0x18,0x30C,0xC100,0x6102]},
  '大':{w:17,h:9,rows:[0xE00E,0xE00E,0x1010,0xC20,0x6C0,0x2C0,0x2C0,0x100,0x100]},
  '小':{w:17,h:9,rows:[0xF00,0xF00,0x100,0x100,0xC102,0xC102,0xC102,0x2102,0x210C]},
  '長':{w:17,h:9,rows:[0x3F0E,0x3F0E,0x1030,0x10CC,0x118C,0x198C,0xFFFE,0x1000,0x1FF0]},
  '短':{w:17,h:9,rows:[0xC1FE,0xC1FE,0xCC10,0x2CCC,0x2CCC,0x2CCC,0x11FE,0x1102,0xFF02]},
  '數':{w:17,h:9,rows:[0xE1C2,0xE1C6,0x1E2C,0xE110,0x7FD0,0x3FD8,0x2D2C,0x3F2C,0x2D0C]},
  '字':{w:17,h:9,rows:[0xF00,0xF00,0x100,0x100,0xFFFE,0xFFFE,0x100,0xC0,0x60]},
  '母':{w:17,h:9,rows:[0x30,0x38,0xC,0xFFFE,0x60CC,0x20CC,0x210C,0x200C,0xFFFE]},
  '符':{w:17,h:9,rows:[0x201C,0x201C,0x200C,0x20CC,0x218C,0x610C,0xE00C,0x23FE,0x100C]},
  '空':{w:17,h:9,rows:[0xFFFE,0xFFFE,0x100,0x100,0x1FF0,0x1FF0,0x0,0x30FC,0xCC0]},
  '格':{w:17,h:9,rows:[0x11FC,0x11FC,0x110C,0xD10C,0xD3FC,0xDFFC,0x3D0E,0x30D0,0x1060]},
  '行':{w:17,h:9,rows:[0x20F0,0x20F0,0x2010,0x2010,0x2010,0x6010,0xE010,0x2010,0x13FE]},
  '工':{w:17,h:7,rows:[0xFFFE,0x100,0x100,0x100,0x100,0x100,0x100]},
  '作':{w:17,h:9,rows:[0x2020,0x2020,0x2020,0x2020,0x203E,0x203E,0x2020,0x2020,0xE23E]},
  '休':{w:17,h:9,rows:[0x2020,0x2020,0x2020,0x2C22,0x262C,0x222C,0x2130,0x20E0,0xE060]},
  '眠':{w:17,h:9,rows:[0x1E2,0x1E2,0xFD02,0xCD0C,0xCD0C,0xCD8C,0xFDFE,0xCD10,0xCD10]},
  '暫':{w:17,h:9,rows:[0x3FFC,0x3FFC,0x200C,0x3FFC,0x200C,0x200C,0x3FFC,0xCCC,0xFFEC]},
  '執':{w:17,h:9,rows:[0x1102,0x1102,0x1102,0xFECC,0x18DC,0x18DC,0xFE2C,0x2CEC,0x2DEC]},
  '結':{w:17,h:9,rows:[0x10FE,0x10FE,0xD2C2,0xD2C2,0x10FE,0x18FE,0xFE00,0x2000,0x11FE]},
  '束':{w:17,h:9,rows:[0xE10E,0xE10E,0x1110,0xD20,0x700,0x780,0x3FFC,0x210C,0x210C]},
  '重':{w:17,h:9,rows:[0xFFFE,0xFFFE,0x100,0x3FFC,0x180,0x180,0x1FF0,0x1110,0x1FF0]},
  '是':{w:17,h:9,rows:[0xE0FE,0xE0FE,0x1F00,0x11FC,0x180,0x180,0xFFFE,0x0,0x1FF0]},
  '否':{w:17,h:9,rows:[0x1FF0,0x1FF0,0x1010,0x1010,0x1FF0,0x1FF0,0x100,0xE102,0x1D0C]},
  '好':{w:17,h:9,rows:[0x21E0,0x21E0,0x2020,0x1C20,0xF820,0xF820,0xCC20,0x2FFE,0x2C60]},
  '壞':{w:17,h:9,rows:[0x3E2,0x3E6,0xF10C,0x2F12,0x20D0,0x20D8,0x232E,0x2020,0x23FE]},
  '新':{w:17,h:9,rows:[0x110C,0x110C,0xD10C,0x32CC,0x1CCC,0x1CCC,0xFECC,0x10CC,0xFFFE]},
  '舊':{w:17,h:9,rows:[0x3FFC,0x3FFC,0x200C,0x3EFC,0x200C,0x200C,0x3EFE,0x10C0,0xD0C0]},
  '讀':{w:17,h:9,rows:[0xFE0E,0xFE0E,0xD1FC,0xD10C,0xF1FC,0xF1FC,0x10C,0x3FE,0xF2DE]},
  '寫':{w:17,h:9,rows:[0x22DC,0x22DC,0x12D2,0xC002,0x7FFE,0x3FFE,0x1010,0x1EF0,0x1810]},
  '送':{w:17,h:9,rows:[0xC3FE,0xC7FE,0x2C00,0x1302,0x10CC,0x10CC,0xF020,0x3FE,0x2060]},
  '收':{w:17,h:9,rows:[0xF02,0xF86,0xCEC,0xEC10,0xDC10,0xDC18,0xCC2C,0xCC2C,0xCD0C]},
  '般':{w:17,h:9,rows:[0xDDCE,0xDDCE,0xCC30,0xCCCC,0xECC6,0xECC6,0xCDFE,0xFC00,0xCD0E]},
  '標':{w:17,h:9,rows:[0x12E2,0x12E6,0x112C,0xD3FE,0xD000,0xD000,0x33FE,0x3000,0x13FE]},
  '準':{w:17,h:9,rows:[0x100,0x100,0x100,0xFFFE,0xC180,0x4180,0x23FE,0x1220,0x220]},
  '專':{w:17,h:9,rows:[0xCF0,0xCF0,0x1010,0x10,0xFFFE,0xFFFE,0x10C,0x3FF0,0x1990]},
  '業':{w:17,h:9,rows:[0xE10E,0xE10E,0x1D10,0x320,0xFFFE,0xFFFE,0x100,0x3FFC,0xC60]},
  '階':{w:17,h:9,rows:[0xC3FE,0xC3FE,0xC202,0xE3FE,0xD206,0xD206,0xD3FE,0xD020,0xD3DE]},
  '版':{w:17,h:9,rows:[0xD302,0xD386,0xD0EC,0xD010,0xD22C,0xD22C,0xF22C,0xC10C,0xC10C]},
  '本':{w:17,h:9,rows:[0x100,0x100,0x100,0xCFE2,0x618C,0x210C,0x1110,0xD20,0x7C0]},
  '更':{w:17,h:9,rows:[0xE03E,0xE07E,0x11C0,0xE00,0x1E00,0x1E00,0x3FFC,0x210C,0x3FFC]},
  '韌':{w:17,h:9,rows:[0x1030,0x1838,0xFE0C,0xD0C2,0xFEC2,0xFEC6,0x102E,0x3E32,0x2622]},
  '體':{w:17,h:9,rows:[0x2FFE,0x2FFE,0x2CD0,0x3CD0,0x2DFC,0x2DFC,0x3D0C,0xC3FE,0xFCDE]},
  '程':{w:17,h:9,rows:[0x11FE,0x11FE,0xD010,0xD010,0x7DFE,0x3DFE,0x3010,0x11FE,0xFC00]},
  '池':{w:17,h:9,rows:[0xC3FE,0xC3FE,0xC202,0x2202,0x22C0,0x22C0,0x2DC,0x22CC,0xCECC]},
  '充':{w:17,h:9,rows:[0xE03E,0xE07E,0x10C2,0xCC0,0xCC0,0xCC0,0xCC2,0x3FFC,0xC18]},
  '滿':{w:17,h:9,rows:[0xCC2E,0xCC6E,0xCEE2,0x2D2E,0x2F3E,0x2F32,0xC22,0x2FFE,0xC060]},
  '計':{w:17,h:9,rows:[0xFC10,0xFC10,0xCC10,0xCC10,0xFC10,0xFC10,0x10,0x10,0xFC10]},
  '器':{w:17,h:9,rows:[0x3EFC,0x3EFC,0x22CC,0x22CC,0xFEFE,0xFEFE,0xC20,0xFFFE,0x198]},
  '鬧':{w:17,h:9,rows:[0xD132,0xD132,0xD112,0xDFF2,0xC182,0xC182,0xDFF2,0xC102,0xDEF2]},
  '鐘':{w:17,h:9,rows:[0xFFFE,0xFFFE,0x1020,0xD1FE,0xDDE6,0xDDE6,0x11FE,0xFF22,0x19FE]},
  '提':{w:17,h:9,rows:[0xFC1E,0xFC1E,0x23E0,0x223C,0xF220,0xFE60,0x2FFE,0x2000,0x23FC]},
  '醒':{w:17,h:9,rows:[0xFEFE,0xFEFE,0xC210,0xFEFE,0xC798,0xC798,0xEEFE,0xD2D0,0xD2FE]},
  '通':{w:17,h:9,rows:[0xC3FE,0xC7FE,0x2C00,0x122E,0x1226,0x1266,0xF3FE,0x222,0x23FE]},
  '知':{w:17,h:8,rows:[0x4000,0x213E,0x1222,0xC22,0xC22,0xC22,0xFF22,0xC22]},
  '感':{w:17,h:9,rows:[0xC3F0,0xC7F0,0x2C02,0xCC,0xCF80,0xCF00,0xCD2E,0x2F10,0x202C]},
  '應':{w:17,h:9,rows:[0x21E2,0x21E6,0x120C,0xC220,0xCDFE,0xCDFE,0x2D10,0x2DFE,0x3D98]},
  '偵':{w:17,h:9,rows:[0x2E02,0x2E06,0x210C,0x2000,0x23FE,0x23FE,0x2202,0x23FE,0xE206]},
  '測':{w:17,h:9,rows:[0xD02E,0xD86E,0xCCC2,0x2002,0x2FD2,0x2FD2,0xCD2,0x2CD2,0xCFD2]},
  '觸':{w:17,h:9,rows:[0xC3EE,0xC3EE,0xC0D2,0xFFF2,0xDED2,0xD2D2,0xD3F2,0xFEC2,0xDFFE]},
  '發':{w:17,h:9,rows:[0x3DC2,0x3DC6,0x23C,0xFECC,0xC1FE,0xC1FE,0xFE00,0x2CE,0xFEFC]},
  '輸':{w:17,h:9,rows:[0x12CE,0x1ECE,0xFEC2,0x13D2,0xFED2,0xFED2,0xD3D2,0xFED2,0xDFD2]},
  '紅':{w:17,h:9,rows:[0x11FE,0x11FE,0xD210,0xD210,0x1010,0x1810,0xFE10,0x2210,0x1010]},
  '綠':{w:17,h:9,rows:[0x10E0,0x10E0,0xD222,0xD12C,0x1038,0x1038,0xF32C,0x2022,0x13FE]},
  '黃':{w:17,h:8,rows:[0xE00E,0xE00E,0x1FF0,0x1110,0x1FF0,0x1FF0,0x1110,0xFFFE]},
  '白':{w:17,h:9,rows:[0x3FFC,0x3FFC,0x200C,0x200C,0x200C,0x200C,0x3FFC,0x200C,0x200C]},
  '黑':{w:17,h:9,rows:[0xC222,0xC666,0x2CCC,0x0,0xFFFE,0xFFFE,0x100,0x3FFC,0x180]},
  '灰':{w:17,h:9,rows:[0xE02,0xE06,0xC10C,0xC0D0,0x60D0,0x20D0,0x2020,0x2222,0x1222]},
  '攝':{w:17,h:9,rows:[0xE0C2,0xE0C2,0x2EF2,0x23DE,0xE2DE,0xE2DE,0x33DE,0x22D2,0x2FFE]},
  '氏':{w:17,h:9,rows:[0xFC0E,0xFC0E,0x2310,0x2010,0x2020,0x2020,0x2020,0x3FFE,0x20C0]},
  '華':{w:17,h:9,rows:[0x100,0x180,0xFFFE,0x100,0x3FFC,0x3FFC,0x1110,0xFFFE,0x1998]},
  '比':{w:17,h:9,rows:[0xF0FE,0xF8FE,0x2EC2,0x20C2,0x20C0,0x20C0,0x20C0,0x20C0,0x3EF0]},
  '加':{w:17,h:9,rows:[0x1C3E,0x1C3E,0xC222,0xC122,0x2122,0x2122,0x2122,0x1122,0x1122]},
  '減':{w:17,h:9,rows:[0xD1C2,0xD1C2,0xD032,0x2C0C,0x2DEC,0x2DEC,0xD2C,0x2DF2,0xCC12]},
  '乘':{w:17,h:9,rows:[0xE10E,0xE10E,0x1D30,0x3C0,0xED9E,0xED1E,0x1D22,0xD30,0xFD2E]},
  '除':{w:17,h:9,rows:[0xC0E0,0xC0E0,0xCC22,0xE22C,0xD020,0xD860,0xDFFE,0xD020,0xD020]},
  '等':{w:17,h:9,rows:[0xCF0,0xCF0,0x1010,0xFFFE,0x18,0x18,0xFFFE,0x100,0x3FFC]},
  '於':{w:17,h:9,rows:[0x1C1C,0x1C1C,0xC2E0,0xC200,0x6200,0x2200,0x2200,0x1E1C,0x18E0]},
  '不':{w:17,h:9,rows:[0x100,0x100,0x100,0x100,0x102,0x106,0xE10C,0x1D10,0x720]},
  '始':{w:17,h:9,rows:[0x21FE,0x21FE,0x2102,0x1D02,0xF902,0xF986,0xCDFE,0x2C00,0x2C00]},
  '止':{w:17,h:9,rows:[0xFFFE,0xFFFE,0x2100,0x2100,0x2100,0x2100,0x2100,0x2100,0x21FC]},
  '製':{w:17,h:9,rows:[0x3F0E,0x3F0E,0x1030,0xF0CC,0xD8C,0xD8C,0xFFFE,0xC00,0xCD0E]},
  '播':{w:17,h:9,rows:[0xE3FE,0xE3FE,0x2222,0x23FE,0xE266,0xE666,0x2FFE,0x2222,0x212C]},
  '放':{w:17,h:9,rows:[0x1DC2,0x1DC6,0xC22C,0xC210,0x6210,0x2218,0x222C,0x1E2C,0x190C]},
  '傳':{w:17,h:9,rows:[0x20DC,0x20DC,0x210C,0x200C,0x2FFE,0x2FFE,0x200C,0x2FFE,0xE666]},
  '備':{w:17,h:9,rows:[0x2222,0x2266,0x23FE,0x2222,0x33FE,0x37FE,0x2E22,0x23FE,0x6200]},
  '份':{w:17,h:9,rows:[0x2230,0x2238,0x220C,0x210C,0x210C,0x210C,0x210C,0x2FFE,0xEC06]},
  '還':{w:17,h:9,rows:[0xC3FE,0xC7FE,0x2C22,0x132C,0x10E6,0x10E6,0xF1FC,0x10C,0x2FFE]},
  '原':{w:17,h:9,rows:[0x1C0,0x1C0,0xD0C2,0xCCCC,0x60C0,0x20C0,0x2FFC,0x2C0C,0x2FFC]},
  '密':{w:17,h:9,rows:[0x3FFC,0x3FFC,0x210C,0x210C,0x100,0x180,0xFCFC,0x30C,0xCCC6]},
  '碼':{w:17,h:9,rows:[0x3C1C,0x3C1C,0x2D22,0x2D22,0x2C02,0x6C06,0xEFFE,0x3E20,0x1FFC]},
  '鎖':{w:17,h:9,rows:[0xFD02,0xFD86,0x10CC,0xD000,0xDDFE,0xDDFE,0x1102,0xFDFE,0x1986]},
  '解':{w:17,h:9,rows:[0xCE10,0xCE10,0xC210,0xFEFE,0xDE18,0xD210,0xD2D0,0xFEFE,0xDED8]},
  '退':{w:17,h:9,rows:[0xC3FE,0xC7FE,0x2C00,0x11E2,0x118C,0x110C,0xF112,0x122,0x21FC]},
  '正':{w:17,h:9,rows:[0xFFFE,0xFFFE,0x1100,0x1100,0x1100,0x1100,0x1100,0x11FC,0x1180]},
  '負':{w:17,h:9,rows:[0xE00E,0xE00E,0x1010,0x3FFC,0x200C,0x200C,0x3FFC,0x200C,0x3FFC]},
  '離':{w:17,h:9,rows:[0xC1FE,0xC1FE,0xDECC,0xD0CC,0xFFFE,0xFFFE,0xCCC,0xFFCC,0xDEFE]},
  '裝':{w:17,h:9,rows:[0x3F0E,0x3F0E,0x1030,0xF0CC,0xD8C,0xD8C,0xFFFE,0x2200,0x12FE]},
  '置':{w:17,h:9,rows:[0xFFFE,0xFFFE,0x1010,0x1FF0,0x1810,0x1810,0x1FF0,0x1010,0xFFFE]},
  '系':{w:17,h:9,rows:[0xC102,0xC106,0x210C,0x1110,0x100,0x180,0xFFFE,0x20C,0xD18]},
  '統':{w:17,h:9,rows:[0x1E1E,0x1E1E,0xD112,0xD0D0,0x10D0,0x18D0,0xFED2,0x21F2,0x118C]},
  '記':{w:17,h:9,rows:[0xFDFE,0xFDFE,0xCD02,0xCD02,0xFD00,0xFD00,0x100,0x100,0xFDFE]},
  '憶':{w:17,h:9,rows:[0x11F2,0x19FE,0x1D0C,0x1120,0xD3FE,0xD3FE,0xD202,0xD3FE,0xD206]},
  '間':{w:17,h:9,rows:[0xCFEE,0xCFEE,0xCC22,0xCFE2,0xCC62,0xCC62,0xCFE2,0xC002,0xFEFE]},
  '處':{w:17,h:9,rows:[0x1CFE,0x1CFE,0xC300,0xDD2E,0x6D2C,0x2DEC,0x2FFE,0x2202,0x3FF0]},
  '理':{w:17,h:9,rows:[0x3FE,0x3FE,0xF020,0x2020,0x23FE,0x23FE,0x2020,0xF3FE,0x6266]},
  '核':{w:17,h:9,rows:[0x1302,0x1386,0x10EC,0xD010,0xDDCC,0xDDCC,0x3022,0x30D0,0x118C]},
  '謝':{w:17,h:9,rows:[0xFCEE,0xFCEE,0xD222,0xD122,0xFFE2,0xFFE6,0x22E,0x3F2,0xF262]},
  '歡':{w:17,h:9,rows:[0x3F02,0x3F82,0x22C2,0x222C,0x3F2C,0x7F2C,0xE210,0x3FD0,0x1992]},
  '迎':{w:17,h:9,rows:[0xC3FE,0xC7FE,0x2C00,0x1020,0x132E,0x13EE,0xF2E2,0x222,0x2222]},
  '您':{w:17,h:9,rows:[0xC3F0,0xC7F0,0x2C02,0xCCC,0x180,0x100,0x0,0x2CE2,0x266C]},
  '再':{w:17,h:9,rows:[0x201C,0x201C,0x200C,0x200C,0xFFFE,0xFFFE,0x210C,0x210C,0x3FFC]},
  '見':{w:17,h:9,rows:[0xE0FE,0xE0FE,0x10C2,0xCC2,0x1FF0,0x1FF0,0x1010,0x1010,0x1FF0]},
  '你':{w:17,h:9,rows:[0x21E0,0x21E0,0x2020,0x2C22,0x2C22,0x2C26,0x222C,0x222C,0xE020]},
  '我':{w:17,h:9,rows:[0x31C2,0x31C6,0x102C,0x1010,0xF010,0xF818,0x1E2C,0x102C,0x1020]},
  '他':{w:17,h:9,rows:[0x23FE,0x23FE,0x2202,0x22C2,0x22C0,0x22C0,0x22DC,0x22CC,0xEECC]},
  '她':{w:17,h:9,rows:[0x21FE,0x21FE,0x2102,0x1D00,0xF920,0xF920,0xCD2E,0x2D22,0x2F22]},
  '它':{w:17,h:9,rows:[0xFFC,0xFFC,0x100C,0x100C,0x1000,0x1800,0x1F00,0x10F0,0x1000]},
  '們':{w:17,h:9,rows:[0x2206,0x2206,0x2202,0x2202,0x2202,0x2202,0x2202,0x2202,0x639E]},
  '的':{w:17,h:9,rows:[0x30,0x38,0xFC0C,0xCC02,0xCC02,0xCC02,0xCC22,0xFCC2,0xCC02]},
  '在':{w:17,h:9,rows:[0x13FE,0x13FE,0x1020,0x1020,0xD020,0xD020,0x3020,0x13FE,0x1060]},
  '有':{w:17,h:9,rows:[0xC1C,0xC1C,0xC0C,0xFFC,0xC0C,0xC0C,0xEFFC,0x1C0C,0xFFC]},
  '這':{w:17,h:9,rows:[0xC3FE,0xC7FE,0x2C00,0x11FC,0x118C,0x118C,0xF1FC,0x0,0x21FC]},
  '那':{w:17,h:9,rows:[0x1820,0x1C20,0xC23C,0xC122,0x2122,0x6122,0xFF22,0x112C,0x1130]},
  '什':{w:17,h:9,rows:[0x2020,0x2020,0x2020,0x2020,0x2020,0x2020,0x2020,0x2020,0x6020]},
  '麼':{w:17,h:9,rows:[0x1FFE,0x1FFE,0xC2CC,0xCC20,0x6610,0x2210,0x32D2,0x2ED2,0x2610]},
  '為':{w:17,h:9,rows:[0x1C,0x1C,0x2D22,0x2D22,0xC002,0xC006,0x3FFE,0x100C,0xFFC]},
  '怎':{w:17,h:9,rows:[0xC3F0,0xC7F0,0x2C02,0xCCC,0x180,0x100,0x200,0xC3FC,0xC200]},
  '可':{w:17,h:9,rows:[0xF0,0xF0,0x10,0x10,0x3E10,0x3E10,0x2210,0x2210,0x2210]},
  '以':{w:17,h:9,rows:[0x302,0x382,0xE0C2,0x3C2C,0x2718,0x2310,0x2010,0x200C,0x200C]},
  '要':{w:17,h:9,rows:[0x3C3C,0x3C7C,0x3C0,0x1C20,0xC10,0xC18,0xFFFE,0x200,0x3FFC]},
  '也':{w:17,h:9,rows:[0xFFE,0xFFE,0x1002,0x1102,0x1100,0x1100,0x111C,0x110C,0xF10C]},
  '都':{w:17,h:9,rows:[0x3F20,0x3F20,0x213C,0x3F22,0x6122,0x6122,0x3F22,0x102C,0x7F30]},
  '沒':{w:17,h:9,rows:[0xCF0E,0xCF8E,0x20F0,0x1110,0x10C,0x18C,0x3FC,0x2000,0xC230]},
  '很':{w:17,h:9,rows:[0x23C2,0x23C6,0x220C,0x2210,0x222C,0x622C,0xE222,0x23FC,0x120C]},
  '地':{w:17,h:9,rows:[0x1FE,0x1FE,0xE102,0x1D00,0x1920,0x1120,0x112E,0x1122,0x1322]},
  '方':{w:17,h:9,rows:[0x1E0,0x1E0,0x1010,0x100C,0xC0C,0xC0C,0xC0C,0x20C,0x3FC]},
  '人':{w:17,h:9,rows:[0xC002,0xC006,0x200C,0x1010,0xC20,0xC20,0xC20,0x2C0,0x2C0]},
  '家':{w:17,h:9,rows:[0x300,0x380,0xF0CE,0xED0,0x1E0,0x1E0,0x3CD0,0x30C,0x1100]},
  '事':{w:17,h:9,rows:[0xF00,0xF00,0x100,0x3FFC,0x18C,0x18C,0xFFFE,0x10C,0x3FFC]},
  '情':{w:17,h:9,rows:[0x1102,0x1186,0x11FE,0x1102,0xD1FE,0xD1FE,0xD102,0xD3FE,0xD060]},
  '看':{w:17,h:9,rows:[0xFFC,0xFFC,0xC0C,0xEFFC,0x1C0C,0x1C0C,0xFFC,0x200,0xFFFE]},
  '道':{w:17,h:9,rows:[0xC3FE,0xC7FE,0x2C00,0x11FC,0x118C,0x110C,0xF10C,0x1FC,0x218C]},
  '文':{w:17,h:9,rows:[0xF01E,0xF81E,0xEE0,0x100,0x2C0,0x2C0,0x220,0xC20,0xC10]},
  '像':{w:17,h:9,rows:[0x20E0,0x20E0,0x2E12,0x21DC,0x2E7E,0x2E32,0x2110,0x23FE,0xE266]},
  '素':{w:17,h:9,rows:[0xE10E,0xE10E,0x1110,0xFFFE,0x198C,0x198C,0xCC0,0xFFFE,0x180]},
  '螢':{w:17,h:9,rows:[0xFFFE,0xFFFE,0x102,0x1FF0,0x1990,0x1990,0x1FF0,0xC102,0xFFFE]},
  '幕':{w:17,h:9,rows:[0x1130,0x1130,0x1110,0xD112,0x3FFC,0x3FFC,0x1110,0xFFFE,0x1818]}
};
size=16: 363 glyphs, 0 skipped

CUBIC11[24] = {
  ' ':{w:8,h:1,rows:[0x0]},
  '!':{w:8,h:10,rows:[0x30,0x30,0x0,0x0,0x30,0x30,0x30,0x30,0x30,0x30]},
  '"':{w:12,h:1,rows:[0x0]},
  '#':{w:14,h:10,rows:[0xC30,0xC30,0xC30,0xC30,0x3FFC,0x3FFC,0xC30,0xC30,0xC30,0xC30]},
  '$':{w:14,h:12,rows:[0x300,0x300,0xFF0,0xFF0,0x330C,0x330C,0x30C,0x30C,0x30C,0x30C,0xFF0,0xFF0]},
  '%':{w:16,h:10,rows:[0xF0,0xF0,0xC30C,0xC30C,0x330C,0x330C,0xCF0,0xCF0,0x300,0x300]},
  '&':{w:14,h:10,rows:[0xFCC,0xFCC,0x3030,0x3030,0x3030,0x3030,0x30CC,0x30CC,0xF0C,0xF0C]},
  "'":{w:8,h:1,rows:[0x0]},
  '(':{w:12,h:12,rows:[0x30,0x30,0xC0,0xC0,0xC0,0xC0,0x300,0x300,0x300,0x300,0x300,0x300]},
  ')':{w:12,h:12,rows:[0x300,0x300,0xC0,0xC0,0xC0,0xC0,0x30,0x30,0x30,0x30,0x30,0x30]},
  '*':{w:12,h:6,rows:[0xC0,0xC0,0xCCC,0xCCC,0x3F0,0x3F0]},
  '+':{w:16,h:8,rows:[0x300,0x300,0x300,0x300,0x300,0x300,0xFFFC,0xFFFC]},
  ',':{w:8,h:6,rows:[0xC0,0xC0,0x30,0x30,0x30,0x30]},
  '-':{w:14,h:2,rows:[0x3FFC,0x3FFC]},
  '.':{w:8,h:2,rows:[0x30,0x30]},
  '/':{w:16,h:12,rows:[0x3000,0x3000,0x3000,0x3000,0xC00,0xC00,0xC00,0xC00,0x300,0x300,0x300,0x300]},
  '0':{w:14,h:10,rows:[0x3F0,0x3F0,0xC0C,0xC0C,0xC0C,0xC0C,0xC0C,0xC0C,0xC0C,0xC0C]},
  '1':{w:12,h:10,rows:[0x30,0x30,0x30,0x30,0x30,0x30,0x30,0x30,0x30,0x30]},
  '2':{w:14,h:10,rows:[0xFFC,0xFFC,0xC00,0xC00,0x300,0x300,0xC0,0xC0,0x30,0x30]},
  '3':{w:14,h:10,rows:[0x3F0,0x3F0,0xC0C,0xC0C,0xC,0xC,0xC,0xC,0x3F0,0x3F0]},
  '4':{w:14,h:10,rows:[0x30,0x30,0x30,0x30,0x3FFC,0x3FFC,0xC30,0xC30,0xC30,0xC30]},
  '5':{w:14,h:10,rows:[0x3F0,0x3F0,0xC0C,0xC0C,0xC0C,0xC0C,0xC,0xC,0xC,0xC]},
  '6':{w:14,h:10,rows:[0x3F0,0x3F0,0xC0C,0xC0C,0xC0C,0xC0C,0xC0C,0xC0C,0xC0C,0xC0C]},
  '7':{w:14,h:10,rows:[0x300,0x300,0x300,0x300,0xC0,0xC0,0xC0,0xC0,0x30,0x30]},
  '8':{w:14,h:10,rows:[0x3F0,0x3F0,0xC0C,0xC0C,0xC0C,0xC0C,0xC0C,0xC0C,0x3F0,0x3F0]},
  '9':{w:14,h:10,rows:[0x3C0,0x3C0,0x30,0x30,0xC,0xC,0x3FC,0x3FC,0xC0C,0xC0C]},
  ':':{w:8,h:2,rows:[0x30,0x30]},
  ';':{w:8,h:6,rows:[0xC0,0xC0,0x30,0x30,0x30,0x30]},
  '<':{w:16,h:10,rows:[0x30,0x30,0xC0,0xC0,0x300,0x300,0xC00,0xC00,0x3000,0x3000]},
  '=':{w:14,h:2,rows:[0x3FFC,0x3FFC]},
  '>':{w:16,h:10,rows:[0x3000,0x3000,0xC00,0xC00,0x300,0x300,0xC0,0xC0,0x30,0x30]},
  '?':{w:14,h:10,rows:[0x300,0x300,0x0,0x0,0x300,0x300,0x300,0x300,0xC0,0xC0]},
  '@':{w:16,h:10,rows:[0xFF0,0xFF0,0x3000,0x3000,0xC3F0,0xC3F0,0xCC0C,0xCC0C,0xCC0C,0xCC0C]},
  'A':{w:16,h:10,rows:[0xC00C,0xC00C,0xC00C,0xC00C,0x3FF0,0x3FF0,0x3030,0x3030,0x3030,0x3030]},
  'B':{w:14,h:10,rows:[0x3FF0,0x3FF0,0x300C,0x300C,0x300C,0x300C,0x300C,0x300C,0x3FF0,0x3FF0]},
  'C':{w:14,h:10,rows:[0x3F0,0x3F0,0xC0C,0xC0C,0x3000,0x3000,0x3000,0x3000,0x3000,0x3000]},
  'D':{w:16,h:10,rows:[0xFFC0,0xFFC0,0xC030,0xC030,0xC00C,0xC00C,0xC00C,0xC00C,0xC00C,0xC00C]},
  'E':{w:14,h:10,rows:[0x3FFC,0x3FFC,0x3000,0x3000,0x3000,0x3000,0x3000,0x3000,0x3FF0,0x3FF0]},
  'F':{w:14,h:10,rows:[0x3000,0x3000,0x3000,0x3000,0x3000,0x3000,0x3000,0x3000,0x3FF0,0x3FF0]},
  'G':{w:16,h:10,rows:[0xFCC,0xFCC,0x303C,0x303C,0xC00C,0xC00C,0xC00C,0xC00C,0xC0FC,0xC0FC]},
  'H':{w:16,h:10,rows:[0xC00C,0xC00C,0xC00C,0xC00C,0xC00C,0xC00C,0xC00C,0xC00C,0xFFFC,0xFFFC]},
  'I':{w:8,h:10,rows:[0x30,0x30,0x30,0x30,0x30,0x30,0x30,0x30,0x30,0x30]},
  'J':{w:14,h:10,rows:[0xFC0,0xFC0,0x3030,0x3030,0x300C,0x300C,0xC,0xC,0xC,0xC]},
  'K':{w:14,h:10,rows:[0x300C,0x300C,0x3030,0x3030,0x30C0,0x30C0,0x3300,0x3300,0x3C00,0x3C00]},
  'L':{w:14,h:10,rows:[0x3FFC,0x3FFC,0x3000,0x3000,0x3000,0x3000,0x3000,0x3000,0x3000,0x3000]},
  'M':{w:20,h:10,rows:[0xC000C,0xC000C,0xC000C,0xC000C,0xC000C,0xC000C,0xC000C,0xC000C,0xC0C0C,0xC0C0C]},
  'N':{w:16,h:10,rows:[0xC00C,0xC00C,0xC00C,0xC00C,0xC00C,0xC00C,0xC03C,0xC03C,0xC0CC,0xC0CC]},
  'O':{w:16,h:10,rows:[0xFC0,0xFC0,0x3030,0x3030,0xC00C,0xC00C,0xC00C,0xC00C,0xC00C,0xC00C]},
  'P':{w:14,h:10,rows:[0x3000,0x3000,0x3000,0x3000,0x3000,0x3000,0x3000,0x3000,0x3FF0,0x3FF0]},
  'Q':{w:16,h:14,rows:[0x3C,0x3C,0xC0,0xC0,0xFC0,0xFC0,0x3030,0x3030,0xC00C,0xC00C,0xC00C,0xC00C,0xC00C,0xC00C]},
  'R':{w:14,h:10,rows:[0x300C,0x300C,0x3030,0x3030,0x30C0,0x30C0,0x3300,0x3300,0x3FF0,0x3FF0]},
  'S':{w:14,h:10,rows:[0xFF0,0xFF0,0x300C,0x300C,0xC,0xC,0xC,0xC,0xFF0,0xFF0]},
  'T':{w:16,h:10,rows:[0x300,0x300,0x300,0x300,0x300,0x300,0x300,0x300,0x300,0x300]},
  'U':{w:16,h:10,rows:[0xFC0,0xFC0,0x3030,0x3030,0xC00C,0xC00C,0xC00C,0xC00C,0xC00C,0xC00C]},
  'V':{w:16,h:10,rows:[0x300,0x300,0x300,0x300,0xCC0,0xCC0,0xCC0,0xCC0,0x3030,0x3030]},
  'W':{w:20,h:10,rows:[0xC0C0,0xC0C0,0xC0C0,0xC0C0,0xC0C0,0xC0C0,0x33330,0x33330,0x33330,0x33330]},
  'X':{w:14,h:10,rows:[0x300C,0x300C,0x300C,0x300C,0xC30,0xC30,0xC30,0xC30,0x3C0,0x3C0]},
  'Y':{w:16,h:10,rows:[0x300,0x300,0x300,0x300,0x300,0x300,0x300,0x300,0xCC0,0xCC0]},
  'Z':{w:14,h:10,rows:[0x3FFC,0x3FFC,0x3000,0x3000,0x3000,0x3000,0xC00,0xC00,0x300,0x300]},
  '[':{w:12,h:12,rows:[0x3F0,0x3F0,0x300,0x300,0x300,0x300,0x300,0x300,0x300,0x300,0x300,0x300]},
  '\\':{w:16,h:12,rows:[0x30,0x30,0x30,0x30,0xC0,0xC0,0xC0,0xC0,0x300,0x300,0x300,0x300]},
  ']':{w:12,h:12,rows:[0x3F0,0x3F0,0x30,0x30,0x30,0x30,0x30,0x30,0x30,0x30,0x30,0x30]},
  '^':{w:12,h:1,rows:[0x0]},
  '_':{w:14,h:2,rows:[0x3FFC,0x3FFC]},
  '`':{w:8,h:1,rows:[0x0]},
  'a':{w:12,h:10,rows:[0x3FC,0x3FC,0xC0C,0xC0C,0xC0C,0xC0C,0x3FC,0x3FC,0xC,0xC]},
  'b':{w:12,h:10,rows:[0xFF0,0xFF0,0xC0C,0xC0C,0xC0C,0xC0C,0xC0C,0xC0C,0xC0C,0xC0C]},
  'c':{w:12,h:10,rows:[0x3F0,0x3F0,0xC0C,0xC0C,0xC00,0xC00,0xC00,0xC00,0xC0C,0xC0C]},
  'd':{w:12,h:10,rows:[0x3FC,0x3FC,0xC0C,0xC0C,0xC0C,0xC0C,0xC0C,0xC0C,0xC0C,0xC0C]},
  'e':{w:12,h:10,rows:[0x3F0,0x3F0,0xC0C,0xC0C,0xC00,0xC00,0xFFC,0xFFC,0xC0C,0xC0C]},
  'f':{w:12,h:10,rows:[0xC0,0xC0,0xC0,0xC0,0xC0,0xC0,0xC0,0xC0,0xC0,0xC0]},
  'g':{w:12,h:16,rows:[0x3F0,0x3F0,0xC0C,0xC0C,0xC,0xC,0x3FC,0x3FC,0xC0C,0xC0C,0xC0C,0xC0C,0xC0C,0xC0C,0xC0C,0xC0C]},
  'h':{w:12,h:10,rows:[0xC0C,0xC0C,0xC0C,0xC0C,0xC0C,0xC0C,0xC0C,0xC0C,0xF0C,0xF0C]},
  'i':{w:8,h:10,rows:[0x30,0x30,0x30,0x30,0x30,0x30,0x30,0x30,0x30,0x30]},
  'j':{w:8,h:14,rows:[0xC0,0xC0,0x30,0x30,0x30,0x30,0x30,0x30,0x30,0x30,0x30,0x30,0x30,0x30]},
  'k':{w:12,h:10,rows:[0xC0C,0xC0C,0xC30,0xC30,0xCC0,0xCC0,0xF00,0xF00,0xCC0,0xCC0]},
  'l':{w:8,h:10,rows:[0x30,0x30,0x30,0x30,0x30,0x30,0x30,0x30,0x30,0x30]},
  'm':{w:16,h:10,rows:[0xC30C,0xC30C,0xC30C,0xC30C,0xC30C,0xC30C,0xC30C,0xC30C,0xC30C,0xC30C]},
  'n':{w:12,h:10,rows:[0xC0C,0xC0C,0xC0C,0xC0C,0xC0C,0xC0C,0xC0C,0xC0C,0xF0C,0xF0C]},
  'o':{w:12,h:10,rows:[0x3F0,0x3F0,0xC0C,0xC0C,0xC0C,0xC0C,0xC0C,0xC0C,0xC0C,0xC0C]},
  'p':{w:12,h:16,rows:[0xC00,0xC00,0xC00,0xC00,0xC00,0xC00,0xFF0,0xFF0,0xC0C,0xC0C,0xC0C,0xC0C,0xC0C,0xC0C,0xC0C,0xC0C]},
  'q':{w:12,h:16,rows:[0xC,0xC,0xC,0xC,0xC,0xC,0x3FC,0x3FC,0xC0C,0xC0C,0xC0C,0xC0C,0xC0C,0xC0C,0xC0C,0xC0C]},
  'r':{w:10,h:10,rows:[0x300,0x300,0x300,0x300,0x300,0x300,0x300,0x300,0x3C0,0x3C0]},
  's':{w:12,h:10,rows:[0x3F0,0x3F0,0xC0C,0xC0C,0xC,0xC,0x3F0,0x3F0,0xC00,0xC00]},
  't':{w:10,h:10,rows:[0x3C,0x3C,0xC0,0xC0,0xC0,0xC0,0xC0,0xC0,0xC0,0xC0]},
  'u':{w:12,h:10,rows:[0x3CC,0x3CC,0xC3C,0xC3C,0xC0C,0xC0C,0xC0C,0xC0C,0xC0C,0xC0C]},
  'v':{w:12,h:10,rows:[0xC0,0xC0,0xC0,0xC0,0x330,0x330,0x330,0x330,0xC0C,0xC0C]},
  'w':{w:20,h:10,rows:[0xC0C0,0xC0C0,0xC0C0,0xC0C0,0x33330,0x33330,0x33330,0x33330,0xC0C0C,0xC0C0C]},
  'x':{w:12,h:10,rows:[0xC0C,0xC0C,0x330,0x330,0xC0,0xC0,0xC0,0xC0,0x330,0x330]},
  'y':{w:12,h:16,rows:[0x3F0,0x3F0,0xC0C,0xC0C,0xC,0xC,0x3FC,0x3FC,0xC0C,0xC0C,0xC0C,0xC0C,0xC0C,0xC0C,0xC0C,0xC0C]},
  'z':{w:12,h:10,rows:[0xFFC,0xFFC,0xC00,0xC00,0x300,0x300,0xC0,0xC0,0x30,0x30]},
  '{':{w:16,h:12,rows:[0xF0,0xF0,0x300,0x300,0x300,0x300,0x300,0x300,0x300,0x300,0x3C00,0x3C00]},
  '|':{w:12,h:12,rows:[0xC0,0xC0,0xC0,0xC0,0xC0,0xC0,0xC0,0xC0,0xC0,0xC0,0xC0,0xC0]},
  '}':{w:16,h:12,rows:[0x3C00,0x3C00,0x300,0x300,0x300,0x300,0x300,0x300,0x300,0x300,0xF0,0xF0]},
  '~':{w:14,h:4,rows:[0x30F0,0x30F0,0xF0C,0xF0C]},
  '零':{w:26,h:12,rows:[0xC3C0,0xC3C0,0xC030,0xC030,0x3FFFF0,0x3FFFF0,0x0,0x0,0xF3FF3C,0xF3FF3C,0xF03C0,0xF03C0]},
  '一':{w:26,h:2,rows:[0xFFFFFC,0xFFFFFC]},
  '二':{w:26,h:2,rows:[0xFFFFFC,0xFFFFFC]},
  '三':{w:26,h:12,rows:[0xFFFFFC,0xFFFFFC,0x0,0x0,0x0,0x0,0x0,0x0,0x0,0x0,0xFFFC0,0xFFFC0]},
  '四':{w:26,h:12,rows:[0xC0000C,0xC0000C,0xFFFFFC,0xFFFFFC,0xC0000C,0xC0000C,0xC0000C,0xC0000C,0xF003FC,0xF003FC,0xCC0C0C,0xCC0C0C]},
  '五':{w:26,h:12,rows:[0xFFFFFC,0xFFFFFC,0x300C0,0x300C0,0x300C0,0x300C0,0x300C0,0x300C0,0xC0C0,0xC0C0,0xC0C0,0xC0C0]},
  '六':{w:26,h:12,rows:[0xC0000C,0xC0000C,0xC0000C,0xC0000C,0x300030,0x300030,0x300030,0x300030,0xC00C0,0xC00C0,0xC00C0,0xC00C0]},
  '七':{w:26,h:12,rows:[0xFFFC,0xFFFC,0x3000C,0x3000C,0x3000C,0x3000C,0x30000,0x30000,0x30000,0x30000,0x30000,0x30000]},
  '八':{w:26,h:12,rows:[0xC0000C,0xC0000C,0xC0000C,0xC0000C,0x300030,0x300030,0x300030,0x300030,0x3000C0,0x3000C0,0xC00C0,0xC00C0]},
  '九':{w:26,h:12,rows:[0xF000FC,0xF000FC,0xC030C,0xC030C,0x3030C,0x3030C,0x30300,0x30300,0xC300,0xC300,0xC300,0xC300]},
  '十':{w:26,h:12,rows:[0x3000,0x3000,0x3000,0x3000,0x3000,0x3000,0x3000,0x3000,0x3000,0x3000,0x3000,0x3000]},
  '百':{w:26,h:12,rows:[0x3FFFF0,0x3FFFF0,0x300030,0x300030,0x300030,0x300030,0x300030,0x300030,0x3FFFF0,0x3FFFF0,0x300030,0x300030]},
  '千':{w:26,h:12,rows:[0x3000,0x3000,0x3000,0x3000,0x3000,0x3000,0x3000,0x3000,0x3000,0x3000,0xFFFFFC,0xFFFFFC]},
  '萬':{w:26,h:12,rows:[0xC0003C,0xC0003C,0xCFFFCC,0xCFFFCC,0xC030CC,0xC030CC,0xFFFFFC,0xFFFFFC,0xC30C0,0xC30C0,0xFFFC0,0xFFFC0]},
  '億':{w:26,h:12,rows:[0x3C3FCC,0x3C3FCC,0x333030,0x333030,0x303300,0x303300,0x30FFFC,0x30FFFC,0x30C00C,0x30C00C,0x30FFFC,0x30FFFC]},
  '兆':{w:26,h:12,rows:[0xF00FFC,0xF00FFC,0xC0C0C,0xC0C0C,0x30C00,0x30C00,0xC30C0C,0xC30C0C,0x330C30,0x330C30,0xF0CC0,0xF0CC0]},
  '度':{w:26,h:12,rows:[0x3F00FC,0x3F00FC,0xFF00,0xFF00,0xC0C0C0,0xC0C0C0,0xC3FFF0,0xC3FFF0,0x300000,0x300000,0x30FFC0,0x30FFC0]},
  '分':{w:26,h:12,rows:[0x3C0F00,0x3C0F00,0x300C0,0x300C0,0x300C0,0x300C0,0xC0C0,0xC0C0,0xC0C0C0,0xC0C0C0,0xCFFFCC,0xCFFFCC]},
  '秒':{w:26,h:12,rows:[0xCFC00,0xCFC00,0xCC03C0,0xCC03C0,0xCC0030,0xCC0030,0x3F000C,0x3F000C,0x3C0F00,0x3C0F00,0xC0300,0xC0300]},
  '時':{w:26,h:12,rows:[0xF0,0xF0,0xFF0C30,0xFF0C30,0xC33030,0xC33030,0xC30030,0xC30030,0xC3FFFC,0xC3FFFC,0xFF0030,0xFF0030]},
  '日':{w:26,h:12,rows:[0x3FFFF0,0x3FFFF0,0x300030,0x300030,0x300030,0x300030,0x300030,0x300030,0x300030,0x300030,0x3FFFF0,0x3FFFF0]},
  '月':{w:26,h:12,rows:[0xC003F0,0xC003F0,0xC00030,0xC00030,0x300030,0x300030,0x300030,0x300030,0x3FFFF0,0x3FFFF0,0x300030,0x300030]},
  '年':{w:26,h:12,rows:[0xC00,0xC00,0xC00,0xC00,0xC00,0xC00,0xFFFFFC,0xFFFFFC,0xC0C00,0xC0C00,0xC0C00,0xC0C00]},
  '週':{w:26,h:12,rows:[0xC0FFFC,0xC0FFFC,0x330000,0x330000,0xC0FCC,0xC0FCC,0xCCCCC,0xCCCCC,0xFCCFCC,0xFCCFCC,0xC00C,0xC00C]},
  '上':{w:26,h:12,rows:[0xFFFFFC,0xFFFFFC,0xC000,0xC000,0xC000,0xC000,0xC000,0xC000,0xC000,0xC000,0xC000,0xC000]},
  '下':{w:26,h:12,rows:[0xC000,0xC000,0xC000,0xC000,0xC000,0xC000,0xC000,0xC000,0xC000,0xC000,0xC0F0,0xC0F0]},
  '左':{w:26,h:12,rows:[0x3FFFC,0x3FFFC,0xC00300,0xC00300,0x300300,0x300300,0x300300,0x300300,0xC0300,0xC0300,0xCFFFC,0xCFFFC]},
  '右':{w:26,h:12,rows:[0x3FFF0,0x3FFF0,0x30030,0x30030,0x30030,0x30030,0xF30030,0xF30030,0xF0030,0xF0030,0x3FFF0,0x3FFF0]},
  '前':{w:26,h:12,rows:[0x33C0F0,0x33C0F0,0x30C030,0x30C030,0x30CC30,0x30CC30,0x3FCC30,0x3FCC30,0x30CC30,0x30CC30,0x3FCC30,0x3FCC30]},
  '後':{w:26,h:12,rows:[0x33F03C,0x33F03C,0x300FC0,0x300FC0,0x333030,0x333030,0x30FFF0,0x30FFF0,0xF03000,0xF03000,0x30FFFC,0x30FFFC]},
  '內':{w:26,h:12,rows:[0xC000FC,0xC000FC,0xC0000C,0xC0000C,0xC0000C,0xC0000C,0xCC00CC,0xCC00CC,0xC3030C,0xC3030C,0xC0CC0C,0xC0CC0C]},
  '外':{w:26,h:12,rows:[0xF00300,0xF00300,0xC0300,0xC0300,0x30300,0x30300,0x30300,0x30300,0xC30C,0xC30C,0xC3C330,0xC3C330]},
  '中':{w:26,h:12,rows:[0x3000,0x3000,0x3000,0x3000,0x3000,0x3000,0x3000,0x3000,0xFFFFFC,0xFFFFFC,0xC0300C,0xC0300C]},
  '心':{w:26,h:12,rows:[0xFF00,0xFF00,0x300C0,0x300C0,0xC300C0,0xC300C0,0xC3000C,0xC3000C,0x33000C,0x33000C,0x330030,0x330030]},
  '開':{w:26,h:12,rows:[0xC30C3C,0xC30C3C,0xC0CC0C,0xC0CC0C,0xCFFFCC,0xCFFFCC,0xC0CC0C,0xC0CC0C,0xCFFFCC,0xCFFFCC,0xC0000C,0xC0000C]},
  '關':{w:26,h:12,rows:[0xC30C3C,0xC30C3C,0xCFCFCC,0xCFCFCC,0xCCCCCC,0xCCCCCC,0xC3330C,0xC3330C,0xCCCCCC,0xCCCCCC,0xC3030C,0xC3030C]},
  '閉':{w:26,h:12,rows:[0xC03C3C,0xC03C3C,0xCF0C0C,0xCF0C0C,0xC0CC0C,0xC0CC0C,0xC03C0C,0xC03C0C,0xCFFFCC,0xCFFFCC,0xC00C0C,0xC00C0C]},
  '進':{w:26,h:12,rows:[0xC0FFFC,0xC0FFFC,0x330000,0x330000,0xC3FFC,0xC3FFC,0xC30C0,0xC30C0,0xFC30C0,0xFC30C0,0x3FFC,0x3FFC]},
  '出':{w:26,h:12,rows:[0xFFFFFC,0xFFFFFC,0xC0300C,0xC0300C,0xC0300C,0xC0300C,0xC0300C,0xC0300C,0x3000,0x3000,0x3000,0x3000]},
  '停':{w:26,h:12,rows:[0x303F00,0x303F00,0x300300,0x300300,0x300300,0x300300,0x30FFFC,0x30FFFC,0x33000C,0x33000C,0x33FFFC,0x33FFFC]},
  '啟':{w:26,h:12,rows:[0xFFC0C,0xFFC0C,0xCC3330,0xCC3330,0xCC30C0,0xCC30C0,0xCFF0C0,0xCFF0C0,0x300330,0x300330,0x3FC330,0x3FC330]},
  '設':{w:26,h:10,rows:[0xFCF03C,0xFCF03C,0xCC0FC0,0xCC0FC0,0xCC30C0,0xCC30C0,0xFC3030,0xFC3030,0xFFF0,0xFFF0]},
  '定':{w:26,h:12,rows:[0xF00FFC,0xF00FFC,0xFF000,0xFF000,0xC3000,0xC3000,0xC3FF0,0xC3FF0,0x3000,0x3000,0x3000,0x3000]},
  '確':{w:26,h:12,rows:[0x3F3FFC,0x3F3FFC,0x3330C0,0x3330C0,0x333FFC,0x333FFC,0x3330C0,0x3330C0,0xF33FFC,0xF33FFC,0x3FF0C0,0x3FF0C0]},
  '認':{w:26,h:12,rows:[0xFC0FC0,0xFC0FC0,0xCC300C,0xCC300C,0xCF0330,0xCF0330,0xFCCC00,0xFCCC00,0x0,0x0,0xC0F0,0xC0F0]},
  '取':{w:26,h:12,rows:[0xF00C,0xF00C,0xF0CC30,0xF0CC30,0x3FC3C0,0x3FC3C0,0x30C0C0,0x30C0C0,0x30C330,0x30C330,0x3FC330,0x3FC330]},
  '消':{w:26,h:12,rows:[0xC0C03C,0xC0C03C,0x30C00C,0x30C00C,0xCFFFC,0xCFFFC,0xC00C,0xC00C,0xFFFC,0xFFFC,0x30C00C,0x30C00C]},
  '返':{w:26,h:12,rows:[0xC0FFFC,0xC0FFFC,0x330000,0x330000,0xC3C0C,0xC3C0C,0xC0330,0xC0330,0xFCC0C0,0xFCC0C0,0xC330,0xC330]},
  '回':{w:26,h:12,rows:[0xFFFFFC,0xFFFFFC,0xC0000C,0xC0000C,0xC0000C,0xC0000C,0xC3FF0C,0xC3FF0C,0xC3030C,0xC3030C,0xC3030C,0xC3030C]},
  '選':{w:26,h:12,rows:[0xC0FFFC,0xC0FFFC,0x330000,0x330000,0xCF03C,0xCF03C,0xC0CC0,0xC0CC0,0xFCFFFC,0xFCFFFC,0xCC0,0xCC0]},
  '擇':{w:26,h:12,rows:[0xF00300,0xF00300,0x30FFFC,0x30FFFC,0x300300,0x300300,0xF3FFFC,0xF3FFFC,0x3C3030,0x3C3030,0x30FFFC,0x30FFFC]},
  '切':{w:26,h:12,rows:[0x3C0,0x3C0,0xC030,0xC030,0xFC00C,0xFC00C,0x30300C,0x30300C,0x30300C,0x30300C,0x300C0C,0x300C0C]},
  '換':{w:26,h:12,rows:[0xF3C00C,0xF3C00C,0x303030,0x303030,0x300CC0,0x300CC0,0xF3FFFC,0xF3FFFC,0x3CC30C,0x3CC30C,0x30F0FC,0x30F0FC]},
  '模':{w:26,h:12,rows:[0xCF00C,0xCF00C,0xC0C30,0xC0C30,0xCC0300,0xCC0300,0xCCFFFC,0xCCFFFC,0x3F300C,0x3F300C,0x3C3FFC,0x3C3FFC]},
  '式':{w:26,h:12,rows:[0xFC000C,0xFC000C,0x3FC0C,0x3FC0C,0x30030,0x30030,0x30030,0x30030,0x300C0,0x300C0,0x3FF0C0,0x3FF0C0]},
  '音':{w:26,h:10,rows:[0xFFFC0,0xFFFC0,0xC00C0,0xC00C0,0xFFFC0,0xFFFC0,0xC00C0,0xC00C0,0xFFFC0,0xFFFC0]},
  '量':{w:26,h:12,rows:[0xFFFFFC,0xFFFFFC,0x3000,0x3000,0x3FFFF0,0x3FFFF0,0xC30C0,0xC30C0,0xFFFC0,0xFFFC0,0xC30C0,0xC30C0]},
  '亮':{w:26,h:10,rows:[0xF00FFC,0xF00FFC,0xC0C0C,0xC0C0C,0x30C00,0x30C00,0xC30C0C,0xC30C0C,0xFFFFFC,0xFFFFFC]},
  '溫':{w:26,h:12,rows:[0xC3FFFC,0xC3FFFC,0x30CCCC,0x30CCCC,0xCCCCC,0xCCCCC,0xCCCC,0xCCCC,0xFFFC,0xFFFC,0x300000,0x300000]},
  '濕':{w:26,h:12,rows:[0xC30CCC,0xC30CCC,0xC0CCCC,0xC0CCCC,0x300000,0x300000,0x30FCFC,0x30FCFC,0xCCCC,0xCCCC,0x303030,0x303030]},
  '速':{w:26,h:12,rows:[0xC0FFFC,0xC0FFFC,0x330000,0x330000,0xCC30C,0xCC30C,0xC3330,0xC3330,0xFC0F00,0xFC0F00,0xFFFC,0xFFFC]},
  '電':{w:26,h:12,rows:[0x3FFC,0x3FFC,0x300C,0x300C,0x3FFFF0,0x3FFFF0,0x303030,0x303030,0x3FFFF0,0x3FFFF0,0x303030,0x303030]},
  '壓':{w:26,h:12,rows:[0xFFFFFC,0xFFFFFC,0xC00,0xC00,0xCFFFF0,0xCFFFF0,0xCC300C,0xCC300C,0xCFFC30,0xCFFC30,0xCC33C0,0xCC33C0]},
  '流':{w:26,h:12,rows:[0xC30C3C,0xC30C3C,0xC30CCC,0xC30CCC,0x30CCC0,0x30CCC0,0x30CCC0,0x30CCC0,0xCCC0,0xCCC0,0x30000C,0x30000C]},
  '功':{w:26,h:12,rows:[0x3C0,0x3C0,0xF03030,0xF03030,0xF300C,0xF300C,0xC0C0C,0xC0C0C,0xC0C0C,0xC0C0C,0xC030C,0xC030C]},
  '率':{w:26,h:12,rows:[0x3000,0x3000,0x3000,0x3000,0xFFFFFC,0xFFFFFC,0x3000,0x3000,0xC3FF0C,0xC3FF0C,0x30C330,0x30C330]},
  '頻':{w:26,h:12,rows:[0xF03C0C,0xF03C0C,0xC0330,0xC0330,0x30FFC,0x30FFC,0x3CCC0C,0x3CCC0C,0xCCCFFC,0xCCCFFC,0xCCCC0C,0xCCCC0C]},
  '首':{w:26,h:12,rows:[0xFFFC0,0xFFFC0,0xC00C0,0xC00C0,0xFFFC0,0xFFFC0,0xC00C0,0xC00C0,0xFFFC0,0xFFFC0,0xC00C0,0xC00C0]},
  '頁':{w:26,h:12,rows:[0xF0003C,0xF0003C,0xC00C0,0xC00C0,0xFFFC0,0xFFFC0,0xC00C0,0xC00C0,0xFFFC0,0xFFFC0,0xC00C0,0xC00C0]},
  '目':{w:26,h:12,rows:[0x3FFFF0,0x3FFFF0,0x300030,0x300030,0x300030,0x300030,0x300030,0x300030,0x3FFFF0,0x3FFFF0,0x300030,0x300030]},
  '錄':{w:26,h:12,rows:[0xFF0F00,0xFF0F00,0xCC30C,0xCC30C,0xCC3330,0xCC3330,0xCC03C0,0xCC03C0,0xCF330,0xCF330,0xFF030C,0xFF030C]},
  '資':{w:26,h:12,rows:[0xF0003C,0xF0003C,0xFFFC0,0xFFFC0,0xC00C0,0xC00C0,0xFFFC0,0xFFFC0,0xC00C0,0xC00C0,0xCFFFCC,0xCFFFCC]},
  '料':{w:26,h:12,rows:[0xC0030,0xC0030,0xCC0030,0xCC0030,0xCCFC30,0xCCFC30,0x3F03F0,0x3F03F0,0x3C003C,0x3C003C,0xC0C30,0xC0C30]},
  '檔':{w:26,h:12,rows:[0xCFFFC,0xCFFFC,0xCC30C,0xCC30C,0xCCFFFC,0xCCFFFC,0xCFC30C,0xCFC30C,0x3CFFFC,0x3CFFFC,0x3C0000,0x3C0000]},
  '案':{w:26,h:12,rows:[0xF0303C,0xF0303C,0xF30C0,0xF30C0,0xF300,0xF300,0xFFFFFC,0xFFFFFC,0xC30C0,0xC30C0,0x3FF00,0x3FF00]},
  '儲':{w:26,h:12,rows:[0x33F3FC,0x33F3FC,0x33330C,0x33330C,0x3333FC,0x3333FC,0x33FF0C,0x33FF0C,0x3003FC,0x3003FC,0x3000C0,0x3000C0]},
  '存':{w:26,h:12,rows:[0x300F00,0x300F00,0x300300,0x300300,0x300300,0x300300,0x33FFFC,0x33FFFC,0xF00300,0xF00300,0x3000C0,0x3000C0]},
  '載':{w:26,h:12,rows:[0x30F0C,0x30F0C,0xFFFCCC,0xFFFCCC,0x330C30,0x330C30,0x3FFC30,0x3FFC30,0x330CCC,0x330CCC,0xFFFCCC,0xFFFCCC]},
  '入':{w:26,h:12,rows:[0xC0000C,0xC0000C,0x300030,0x300030,0xC00C0,0xC00C0,0x30300,0x30300,0x30300,0x30300,0xCC00,0xCC00]},
  '匯':{w:26,h:12,rows:[0xFFFFFC,0xFFFFFC,0xC00000,0xC00000,0xCC3FF0,0xCC3FF0,0xC33300,0xC33300,0xC03300,0xC03300,0xC33FF0,0xC33FF0]},
  '連':{w:26,h:12,rows:[0xC0FFFC,0xC0FFFC,0x330000,0x330000,0xC0300,0xC0300,0xCFFFC,0xCFFFC,0xFCC30C,0xFCC30C,0xFFFC,0xFFFC]},
  '接':{w:26,h:12,rows:[0xF0F03C,0xF0F03C,0x300FC0,0x300FC0,0x30F030,0x30F030,0xFC3030,0xFC3030,0x33FFFC,0x33FFFC,0x300C00,0x300C00]},
  '斷':{w:26,h:12,rows:[0x3030,0x3030,0xFFF030,0xFFF030,0xF30C30,0xF30C30,0xCCCC30,0xCCCC30,0xF30C30,0xF30C30,0xCCCC30,0xCCCC30]},
  '線':{w:26,h:12,rows:[0xCC3CC,0xCC3CC,0xCC30CC,0xCC30CC,0xCC0CF0,0xCC0CF0,0xC3CCC,0xC3CCC,0xFF00C0,0xFF00C0,0x303FFC,0x303FFC]},
  '搜':{w:26,h:12,rows:[0xF3F03C,0xF3F03C,0x300FC0,0x300FC0,0x303030,0x303030,0xF0FFFC,0xF0FFFC,0x3C0300,0x3C0300,0x30F33C,0x30F33C]},
  '尋':{w:26,h:12,rows:[0x303C0,0x303C0,0xC00C0,0xC00C0,0xFFFFFC,0xFFFFFC,0xC0,0xC0,0x3FCFF0,0x3FCFF0,0x30C30,0x30C30]},
  '配':{w:26,h:12,rows:[0xFFCFFC,0xFFCFFC,0xC0CC0C,0xC0CC0C,0xFFCC00,0xFFCC00,0xC0CC00,0xC0CC00,0xF3CC00,0xF3CC00,0xCCCC00,0xCCCC00]},
  '對':{w:26,h:12,rows:[0xFFC0F0,0xFFC0F0,0xC0030,0xC0030,0xFFC030,0xFFC030,0xC0030,0xC0030,0xFFC330,0xFFC330,0x330C30,0x330C30]},
  '已':{w:26,h:12,rows:[0xFFFFC,0xFFFFC,0x30000C,0x30000C,0x30000C,0x30000C,0x300000,0x300000,0x300000,0x300000,0x300000,0x300000]},
  '完':{w:26,h:10,rows:[0xF00FFC,0xF00FFC,0xC0C0C,0xC0C0C,0x30C00,0x30C00,0x30C00,0x30C00,0x3FFFF0,0x3FFFF0]},
  '成':{w:26,h:12,rows:[0xC0F03C,0xC0F03C,0xC00CCC,0xC00CCC,0x33C30C,0x33C30C,0x30C300,0x30C300,0x30CCC0,0x30CCC0,0x30CCC0,0x30CCC0]},
  '失':{w:26,h:12,rows:[0xF0003C,0xF0003C,0xC00C0,0xC00C0,0x30300,0x30300,0xCC00,0xCC00,0x3000,0x3000,0xFFFFFC,0xFFFFFC]},
  '敗':{w:26,h:12,rows:[0xC0F00C,0xC0F00C,0x330F30,0x330F30,0xC0,0xC0,0xFFC0C0,0xFFC0C0,0xC0C330,0xC0C330,0xC0C330,0xC0C330]},
  '錯':{w:26,h:12,rows:[0xFFFFFC,0xFFFFFC,0xC300C,0xC300C,0xCC3FFC,0xCC3FFC,0xCF300C,0xCF300C,0xC3FFC,0xC3FFC,0xFFC000,0xFFC000]},
  '誤':{w:26,h:12,rows:[0xFCF03C,0xFCF03C,0xCC0CC0,0xCC0CC0,0xCC0300,0xCC0300,0xFCFFFC,0xFCFFFC,0x30C,0x30C,0xFFFC,0xFFFC]},
  '警':{w:26,h:12,rows:[0xFFFC0,0xFFFC0,0xC00C0,0xC00C0,0xC00C0,0xC00C0,0x3FFFF0,0x3FFFF0,0x0,0x0,0xFFFFFC,0xFFFFFC]},
  '告':{w:26,h:12,rows:[0xFFFC0,0xFFFC0,0xC00C0,0xC00C0,0xC00C0,0xC00C0,0xFFFC0,0xFFFC0,0x0,0x0,0xFFFFFC,0xFFFFFC]},
  '顯':{w:26,h:12,rows:[0xCCCC0C,0xCCCC0C,0x333330,0x333330,0xFFC,0xFFC,0xFFCC0C,0xFFCC0C,0xCCCFFC,0xCCCFFC,0x330C0C,0x330C0C]},
  '示':{w:26,h:12,rows:[0xF000,0xF000,0xC0300C,0xC0300C,0x303030,0x303030,0xC30C0,0xC30C0,0x3000,0x3000,0x3000,0x3000]},
  '隱':{w:26,h:12,rows:[0xCC0FCC,0xCC0FCC,0xC33030,0xC33030,0xF03300,0xF03300,0xCCFFFC,0xCCFFFC,0xCC000C,0xCC000C,0xCCFFFC,0xCCFFFC]},
  '藏':{w:26,h:12,rows:[0xCC0F0C,0xCC0F0C,0xCFFCCC,0xCFFCCC,0xCCC030,0xCCC030,0xFFFC30,0xFFFC30,0xC0CCC,0xC0CCC,0xFFFCCC,0xFFFCCC]},
  '用':{w:26,h:12,rows:[0xC030FC,0xC030FC,0xC0300C,0xC0300C,0x30300C,0x30300C,0x30300C,0x30300C,0x3FFFFC,0x3FFFFC,0x30300C,0x30300C]},
  '自':{w:26,h:12,rows:[0x3FFFF0,0x3FFFF0,0x300030,0x300030,0x300030,0x300030,0x3FFFF0,0x3FFFF0,0x300030,0x300030,0x300030,0x300030]},
  '動':{w:26,h:12,rows:[0xFFC3C0,0xFFC3C0,0xC0030,0xC0030,0xFFCC0C,0xFFCC0C,0xC0C0C,0xC0C0C,0xFFC30C,0xFFC30C,0xCCC30C,0xCCC30C]},
  '手':{w:26,h:12,rows:[0x3F000,0x3F000,0x3000,0x3000,0x3000,0x3000,0xFFFFFC,0xFFFFFC,0x3000,0x3000,0x3000,0x3000]},
  '藍':{w:26,h:12,rows:[0xFFFFFC,0xFFFFFC,0x30CC30,0x30CC30,0x30CC30,0x30CC30,0xFFFFF0,0xFFFFF0,0xCC0000,0xCC0000,0xFFC3FC,0xFFC3FC]},
  '牙':{w:26,h:12,rows:[0x3F00,0x3F00,0xF00300,0xF00300,0xF0300,0xF0300,0xC300,0xC300,0x3300,0x3300,0xF00,0xF00]},
  '無':{w:26,h:12,rows:[0xC0C30C,0xC0C30C,0x330C30,0x330C30,0x0,0x0,0xFFFFFC,0xFFFFFC,0xCCCC0,0xCCCC0,0xCCCC0,0xCCCC0]},
  '網':{w:26,h:12,rows:[0xCC03C,0xCC03C,0xCCCFCC,0xCCCFCC,0xCCCC0C,0xCCCC0C,0xCCC0C,0xCCC0C,0xFFFFFC,0xFFFFFC,0x30C30C,0x30C30C]},
  '路':{w:26,h:12,rows:[0xFF3FF0,0xFF3FF0,0xCC3030,0xCC3030,0xCC3030,0xCC3030,0xCCFFF0,0xCCFFF0,0xCF303C,0xCF303C,0xC0CC0,0xC0CC0]},
  '訊':{w:26,h:12,rows:[0xFC0C0C,0xFC0C0C,0xCC0C0C,0xCC0C0C,0xCC0C30,0xCC0C30,0xFC0C30,0xFC0C30,0xC30,0xC30,0xFFF0,0xFFF0]},
  '號':{w:26,h:12,rows:[0x3C3C3C,0x3C3C3C,0x30330,0x30330,0xC30330,0xC30330,0xFF3030,0xFF3030,0x3033FC,0x3033FC,0xFFF300,0xFFF300]},
  '強':{w:26,h:12,rows:[0xF0FFFC,0xF0FFFC,0xC030C,0xC030C,0xC0300,0xC0300,0xCFFFC,0xCFFFC,0xFCC30C,0xFCC30C,0xC0C30C,0xC0C30C]},
  '弱':{w:26,h:12,rows:[0xCF0CF0,0xCF0CF0,0x30C30C,0x30C30C,0xCC0CC,0xCC0CC,0x30C30C,0x30C30C,0xC0CC0C,0xC0CC0C,0xFFCFFC,0xFFCFFC]},
  '主':{w:26,h:12,rows:[0xFFFFFC,0xFFFFFC,0x3000,0x3000,0x3000,0x3000,0x3000,0x3000,0x3FFFF0,0x3FFFF0,0x3000,0x3000]},
  '次':{w:26,h:12,rows:[0x3C00C,0x3C00C,0x3030,0x3030,0xC00CC0,0xC00CC0,0x300CC0,0x300CC0,0xC0300,0xC0300,0x300,0x300]},
  '高':{w:26,h:12,rows:[0xC0003C,0xC0003C,0xC3FF0C,0xC3FF0C,0xC3030C,0xC3030C,0xC3FF0C,0xC3FF0C,0xC0000C,0xC0000C,0xFFFFFC,0xFFFFFC]},
  '低':{w:26,h:12,rows:[0x33FF0C,0x33FF0C,0x30000C,0x30000C,0x30FC30,0x30FC30,0x30C030,0x30C030,0x30C0C0,0x30C0C0,0x30C0C0,0x30C0C0]},
  '快':{w:26,h:12,rows:[0xFC00C,0xFC00C,0xC3030,0xC3030,0xC0CC0,0xC0CC0,0xCC0300,0xCC0300,0xCC0300,0xCC0300,0xCFFFFC,0xCFFFFC]},
  '慢':{w:26,h:12,rows:[0xFF03C,0xFF03C,0xC0FC0,0xC0FC0,0xC3030,0xC3030,0xCCC030,0xCCC030,0xCFFFFC,0xCFFFFC,0xCC30CC,0xCC30CC]},
  '多':{w:26,h:12,rows:[0xFFC00,0xFFC00,0x3C0,0x3C0,0xC30,0xC30,0xF00C,0xF00C,0xFC0C0C,0xFC0C0C,0x3C3FC,0x3C3FC]},
  '少':{w:26,h:12,rows:[0x3F0000,0x3F0000,0xF000,0xF000,0xF00,0xF00,0xC0,0xC0,0xF030,0xF030,0xC03000,0xC03000]},
  '大':{w:26,h:12,rows:[0xF0003C,0xF0003C,0xC00C0,0xC00C0,0x30300,0x30300,0xCC00,0xCC00,0xCC00,0xCC00,0x3000,0x3000]},
  '小':{w:26,h:12,rows:[0x3F000,0x3F000,0x3000,0x3000,0x3000,0x3000,0xC0300C,0xC0300C,0xC0300C,0xC0300C,0x30300C,0x30300C]},
  '長':{w:26,h:12,rows:[0x3FF03C,0x3FF03C,0xC03C0,0xC03C0,0xC0C30,0xC0C30,0xC3030,0xC3030,0xFFFFFC,0xFFFFFC,0xC0000,0xC0000]},
  '短':{w:26,h:12,rows:[0xC03FFC,0xC03FFC,0xC300C0,0xC300C0,0x330C30,0x330C30,0x330C30,0x330C30,0xC3FFC,0xC3FFC,0xC300C,0xC300C]},
  '數':{w:26,h:12,rows:[0xF03C0C,0xF03C0C,0xFC330,0xFC330,0xF030C0,0xF030C0,0x3FFCC0,0x3FFCC0,0x333330,0x333330,0x3FF330,0x3FF330]},
  '字':{w:26,h:12,rows:[0x3F000,0x3F000,0x3000,0x3000,0x3000,0x3000,0xFFFFFC,0xFFFFFC,0x3000,0x3000,0xC00,0xC00]},
  '母':{w:26,h:12,rows:[0x3C0,0x3C0,0x30,0x30,0xFFFFFC,0xFFFFFC,0x300C30,0x300C30,0x303030,0x303030,0x300030,0x300030]},
  '符':{w:26,h:12,rows:[0x3000F0,0x3000F0,0x300030,0x300030,0x300C30,0x300C30,0x303030,0x303030,0xF00030,0xF00030,0x30FFFC,0x30FFFC]},
  '空':{w:26,h:12,rows:[0xFFFFFC,0xFFFFFC,0x3000,0x3000,0x3000,0x3000,0xFFFC0,0xFFFC0,0x0,0x0,0x3C0FF0,0x3C0FF0]},
  '格':{w:26,h:12,rows:[0xC3FF0,0xC3FF0,0xC3030,0xC3030,0xCC3030,0xCC3030,0xCCFFF0,0xCCFFF0,0x3F303C,0x3F303C,0x3C0CC0,0x3C0CC0]},
  '行':{w:26,h:12,rows:[0x300FC0,0x300FC0,0x3000C0,0x3000C0,0x3000C0,0x3000C0,0x3000C0,0x3000C0,0xF000C0,0xF000C0,0x3000C0,0x3000C0]},
  '工':{w:26,h:10,rows:[0xFFFFFC,0xFFFFFC,0x3000,0x3000,0x3000,0x3000,0x3000,0x3000,0x3000,0x3000]},
  '作':{w:26,h:12,rows:[0x300300,0x300300,0x300300,0x300300,0x300300,0x300300,0x3003FC,0x3003FC,0x300300,0x300300,0x300300,0x300300]},
  '休':{w:26,h:12,rows:[0x300300,0x300300,0x300300,0x300300,0x33030C,0x33030C,0x30C330,0x30C330,0x3033C0,0x3033C0,0x300F00,0x300F00]},
  '眠':{w:26,h:12,rows:[0x3F0C,0x3F0C,0xFF300C,0xFF300C,0xC33030,0xC33030,0xC33030,0xC33030,0xFF3FFC,0xFF3FFC,0xC330C0,0xC330C0]},
  '暫':{w:26,h:12,rows:[0x3FFFF0,0x3FFFF0,0x300030,0x300030,0x3FFFF0,0x3FFFF0,0x300030,0x300030,0x3FFFF0,0x3FFFF0,0x30C30,0x30C30]},
  '執':{w:26,h:12,rows:[0xC300C,0xC300C,0xC300C,0xC300C,0xFFCC30,0xFFCC30,0xC0CF0,0xC0CF0,0xFFC330,0xFFC330,0x330F30,0x330F30]},
  '結':{w:26,h:12,rows:[0xC0FFC,0xC0FFC,0xCCCC0C,0xCCCC0C,0xCCCC0C,0xCCCC0C,0xC0FFC,0xC0FFC,0xFFC000,0xFFC000,0x300000,0x300000]},
  '束':{w:26,h:12,rows:[0xF0303C,0xF0303C,0xC30C0,0xC30C0,0x33300,0x33300,0xF000,0xF000,0x3FFFF0,0x3FFFF0,0x303030,0x303030]},
  '重':{w:26,h:12,rows:[0xFFFFFC,0xFFFFFC,0x3000,0x3000,0x3FFFF0,0x3FFFF0,0x3000,0x3000,0xFFFC0,0xFFFC0,0xC30C0,0xC30C0]},
  '是':{w:26,h:10,rows:[0xF00FFC,0xF00FFC,0xFF000,0xFF000,0xC3FF0,0xC3FF0,0x3000,0x3000,0xFFFFFC,0xFFFFFC]},
  '否':{w:26,h:12,rows:[0xFFFC0,0xFFFC0,0xC00C0,0xC00C0,0xC00C0,0xC00C0,0xFFFC0,0xFFFC0,0x3000,0x3000,0xF0300C,0xF0300C]},
  '好':{w:26,h:12,rows:[0x303F00,0x303F00,0x300300,0x300300,0xF0300,0xF0300,0xFC0300,0xFC0300,0xC30300,0xC30300,0x33FFFC,0x33FFFC]},
  '壞':{w:26,h:12,rows:[0xFF0C,0xFF0C,0xFC3030,0xFC3030,0x33F0CC,0x33F0CC,0x300CC0,0x300CC0,0x30F33C,0x30F33C,0x300300,0x300300]},
  '新':{w:26,h:12,rows:[0xC3030,0xC3030,0xCC3030,0xCC3030,0x3CCC30,0x3CCC30,0xF0C30,0xF0C30,0xFFCC30,0xFFCC30,0xC0C30,0xC0C30]},
  '舊':{w:26,h:12,rows:[0x3FFFF0,0x3FFFF0,0x300030,0x300030,0x3FCFF0,0x3FCFF0,0x300030,0x300030,0x3FCFFC,0x3FCFFC,0xC0C00,0xC0C00]},
  '讀':{w:26,h:12,rows:[0xFFC03C,0xFFC03C,0xCC3FF0,0xCC3FF0,0xCC3030,0xCC3030,0xFC3FF0,0xFC3FF0,0x3030,0x3030,0xFFFC,0xFFFC]},
  '寫':{w:26,h:12,rows:[0x30CCF0,0x30CCF0,0xCCCCC,0xCCCCC,0xC0000C,0xC0000C,0x3FFFFC,0x3FFFFC,0xC00C0,0xC00C0,0xFCFC0,0xFCFC0]},
  '送':{w:26,h:12,rows:[0xC0FFFC,0xC0FFFC,0x330000,0x330000,0xCF00C,0xCF00C,0xC0C30,0xC0C30,0xFC0300,0xFC0300,0xFFFC,0xFFFC]},
  '收':{w:26,h:12,rows:[0x3F00C,0x3F00C,0x30F30,0x30F30,0xF300C0,0xF300C0,0xCF00C0,0xCF00C0,0xC30330,0xC30330,0xC30330,0xC30330]},
  '般':{w:26,h:12,rows:[0xCF3C3C,0xCF3C3C,0xC303C0,0xC303C0,0xC30C30,0xC30C30,0xF30C0C,0xF30C0C,0xC33FFC,0xC33FFC,0xFF0000,0xFF0000]},
  '標':{w:26,h:12,rows:[0xCCF0C,0xCCF0C,0xC3330,0xC3330,0xCCFFFC,0xCCFFFC,0xCC0000,0xCC0000,0x3CFFFC,0x3CFFFC,0x3C0000,0x3C0000]},
  '準':{w:26,h:12,rows:[0x3000,0x3000,0x3000,0x3000,0xFFFFFC,0xFFFFFC,0xC03000,0xC03000,0x30FFFC,0x30FFFC,0xCC300,0xCC300]},
  '專':{w:26,h:12,rows:[0x30FC0,0x30FC0,0xC00C0,0xC00C0,0xC0,0xC0,0xFFFFFC,0xFFFFFC,0x3030,0x3030,0x3FFFC0,0x3FFFC0]},
  '業':{w:26,h:12,rows:[0xF0303C,0xF0303C,0xF30C0,0xF30C0,0xF300,0xF300,0xFFFFFC,0xFFFFFC,0x3000,0x3000,0x3FFFF0,0x3FFFF0]},
  '階':{w:26,h:12,rows:[0xC0FFFC,0xC0FFFC,0xC0C00C,0xC0C00C,0xF0FFFC,0xF0FFFC,0xCCC00C,0xCCC00C,0xCCFFFC,0xCCFFFC,0xCC0300,0xCC0300]},
  '版':{w:26,h:12,rows:[0xCCF00C,0xCCF00C,0xCC0F30,0xCC0F30,0xCC00C0,0xCC00C0,0xCCC330,0xCCC330,0xFCC330,0xFCC330,0xC03030,0xC03030]},
  '本':{w:26,h:12,rows:[0x3000,0x3000,0x3000,0x3000,0xC3FF0C,0xC3FF0C,0x303030,0x303030,0xC30C0,0xC30C0,0x33300,0x33300]},
  '更':{w:26,h:12,rows:[0xF003FC,0xF003FC,0xC3C00,0xC3C00,0x3C000,0x3C000,0xCC000,0xCC000,0x3FFFF0,0x3FFFF0,0x303030,0x303030]},
  '韌':{w:26,h:12,rows:[0xC03C0,0xC03C0,0xFFC030,0xFFC030,0xCC0C0C,0xCC0C0C,0xFFCC0C,0xFFCC0C,0xC033C,0xC033C,0x3FC3CC,0x3FC3CC]},
  '體':{w:26,h:12,rows:[0x33FFFC,0x33FFFC,0x330CC0,0x330CC0,0x3F0CC0,0x3F0CC0,0x333FF0,0x333FF0,0x3F3030,0x3F3030,0xC0FFFC,0xC0FFFC]},
  '程':{w:26,h:12,rows:[0xC3FFC,0xC3FFC,0xCC00C0,0xCC00C0,0xCC00C0,0xCC00C0,0x3F3FFC,0x3F3FFC,0x3C00C0,0x3C00C0,0xC3FFC,0xC3FFC]},
  '池':{w:26,h:12,rows:[0xC0FFFC,0xC0FFFC,0xC0C00C,0xC0C00C,0x30C00C,0x30C00C,0x30CC00,0x30CC00,0xCCF0,0xCCF0,0x30CC30,0x30CC30]},
  '充':{w:26,h:12,rows:[0xF003FC,0xF003FC,0xC0C0C,0xC0C0C,0x30C00,0x30C00,0x30C00,0x30C00,0x30C0C,0x30C0C,0x3FFFF0,0x3FFFF0]},
  '滿':{w:26,h:12,rows:[0xC3033C,0xC3033C,0xC3CF0C,0xC3CF0C,0x33333C,0x33333C,0x33F3CC,0x33F3CC,0x3030C,0x3030C,0x33FFFC,0x33FFFC]},
  '計':{w:26,h:12,rows:[0xFF00C0,0xFF00C0,0xC300C0,0xC300C0,0xC300C0,0xC300C0,0xFF00C0,0xFF00C0,0xC0,0xC0,0xC0,0xC0]},
  '器':{w:26,h:12,rows:[0x3FCFF0,0x3FCFF0,0x30CC30,0x30CC30,0x30CC30,0x30CC30,0xFFCFFC,0xFFCFFC,0x30300,0x30300,0xFFFFFC,0xFFFFFC]},
  '鬧':{w:26,h:12,rows:[0xCC33CC,0xCC33CC,0xCC30CC,0xCC30CC,0xCFFFCC,0xCFFFCC,0xC0300C,0xC0300C,0xCFFFCC,0xCFFFCC,0xC0300C,0xC0300C]},
  '鐘':{w:26,h:12,rows:[0xFFFFFC,0xFFFFFC,0xC0300,0xC0300,0xCC3FFC,0xCC3FFC,0xCF330C,0xCF330C,0xC3FFC,0xC3FFC,0xFFF30C,0xFFF30C]},
  '提':{w:26,h:12,rows:[0xFF00FC,0xFF00FC,0x30FF00,0x30FF00,0x30C3F0,0x30C3F0,0xFCC300,0xFCC300,0x33FFFC,0x33FFFC,0x300000,0x300000]},
  '醒':{w:26,h:12,rows:[0xFFCFFC,0xFFCFFC,0xC0C0C0,0xC0C0C0,0xFFCFFC,0xFFCFFC,0xC0F0C0,0xC0F0C0,0xF3CFFC,0xF3CFFC,0xCCCCC0,0xCCCCC0]},
  '通':{w:26,h:12,rows:[0xC0FFFC,0xC0FFFC,0x330000,0x330000,0xCC33C,0xCC33C,0xCC30C,0xCC30C,0xFCFFFC,0xFCFFFC,0xC30C,0xC30C]},
  '知':{w:26,h:12,rows:[0xC00000,0xC00000,0x3033FC,0x3033FC,0xCC30C,0xCC30C,0x3030C,0x3030C,0x3030C,0x3030C,0xFFF30C,0xFFF30C]},
  '感':{w:26,h:12,rows:[0xC0FFC0,0xC0FFC0,0x33000C,0x33000C,0xC30,0xC30,0xC3F000,0xC3F000,0xC3333C,0xC3333C,0x33F0C0,0x33F0C0]},
  '應':{w:26,h:12,rows:[0x303F0C,0x303F0C,0xCC030,0xCC030,0xC0C300,0xC0C300,0xC33FFC,0xC33FFC,0x3330C0,0x3330C0,0x333FFC,0x333FFC]},
  '偵':{w:26,h:12,rows:[0x33C00C,0x33C00C,0x303030,0x303030,0x300000,0x300000,0x30FFFC,0x30FFFC,0x30C00C,0x30C00C,0x30FFFC,0x30FFFC]},
  '測':{w:26,h:12,rows:[0xCC033C,0xCC033C,0xC30C0C,0xC30C0C,0x30000C,0x30000C,0x33FCCC,0x33FCCC,0x30CCC,0x30CCC,0x330CCC,0x330CCC]},
  '觸':{w:26,h:12,rows:[0xC0FF3C,0xC0FF3C,0xC00CCC,0xC00CCC,0xFFFFCC,0xFFFFCC,0xCCCCCC,0xCCCCCC,0xCCFFCC,0xCCFFCC,0xFFCC0C,0xFFCC0C]},
  '發':{w:26,h:12,rows:[0x3F3C0C,0x3F3C0C,0xC3F0,0xC3F0,0xFFCC30,0xFFCC30,0xC03FFC,0xC03FFC,0xFFC000,0xFFC000,0xCC3C,0xCC3C]},
  '輸':{w:26,h:12,rows:[0xCCC3C,0xCCC3C,0xFFCC0C,0xFFCC0C,0xCFCCC,0xCFCCC,0xFFCCCC,0xFFCCCC,0xCCFCCC,0xCCFCCC,0xFFCCCC,0xFFCCCC]},
  '紅':{w:26,h:12,rows:[0xC3FFC,0xC3FFC,0xCCC0C0,0xCCC0C0,0xCCC0C0,0xCCC0C0,0xC00C0,0xC00C0,0xFFC0C0,0xFFC0C0,0x30C0C0,0x30C0C0]},
  '綠':{w:26,h:12,rows:[0xC0F00,0xC0F00,0xCCC30C,0xCCC30C,0xCC3330,0xCC3330,0xC03C0,0xC03C0,0xFCF330,0xFCF330,0x30030C,0x30030C]},
  '黃':{w:26,h:12,rows:[0xF0003C,0xF0003C,0xFFFC0,0xFFFC0,0xC30C0,0xC30C0,0xFFFC0,0xFFFC0,0xC30C0,0xC30C0,0xFFFFFC,0xFFFFFC]},
  '白':{w:26,h:12,rows:[0x3FFFF0,0x3FFFF0,0x300030,0x300030,0x300030,0x300030,0x300030,0x300030,0x3FFFF0,0x3FFFF0,0x300030,0x300030]},
  '黑':{w:26,h:12,rows:[0xC0C30C,0xC0C30C,0x330C30,0x330C30,0x0,0x0,0xFFFFFC,0xFFFFFC,0x3000,0x3000,0x3FFFF0,0x3FFFF0]},
  '灰':{w:26,h:12,rows:[0x3C00C,0x3C00C,0xC03030,0xC03030,0xC00CC0,0xC00CC0,0x300CC0,0x300CC0,0x300300,0x300300,0x30C30C,0x30C30C]},
  '攝':{w:26,h:12,rows:[0xF00C0C,0xF00C0C,0x33CFCC,0x33CFCC,0x30FCFC,0x30FCFC,0xF0CCCC,0xF0CCCC,0x3CFCFC,0x3CFCFC,0x30CCCC,0x30CCCC]},
  '氏':{w:26,h:12,rows:[0xFF003C,0xFF003C,0x30F0C0,0x30F0C0,0x3000C0,0x3000C0,0x300300,0x300300,0x300300,0x300300,0x3FFFFC,0x3FFFFC]},
  '華':{w:26,h:12,rows:[0x3000,0x3000,0xFFFFFC,0xFFFFFC,0x3000,0x3000,0x3FFFF0,0x3FFFF0,0xC30C0,0xC30C0,0xFFFFFC,0xFFFFFC]},
  '比':{w:26,h:12,rows:[0xFC0FFC,0xFC0FFC,0x33CC0C,0x33CC0C,0x300C0C,0x300C0C,0x300C00,0x300C00,0x300C00,0x300C00,0x300C00,0x300C00]},
  '加':{w:26,h:12,rows:[0xF03FC,0xF03FC,0xC0C30C,0xC0C30C,0xC0330C,0xC0330C,0x30330C,0x30330C,0x30330C,0x30330C,0xC330C,0xC330C]},
  '減':{w:26,h:12,rows:[0xCC3C0C,0xCC3C0C,0xCC03CC,0xCC03CC,0x330030,0x330030,0x333F30,0x333F30,0x33330,0x33330,0x333FCC,0x333FCC]},
  '乘':{w:26,h:12,rows:[0xF0303C,0xF0303C,0xF33C0,0xF33C0,0xFC00,0xFC00,0xF330FC,0xF330FC,0xF330C,0xF330C,0x333C0,0x333C0]},
  '除':{w:26,h:12,rows:[0xC00F00,0xC00F00,0xC3030C,0xC3030C,0xF0C330,0xF0C330,0xCC0300,0xCC0300,0xCFFFFC,0xCFFFFC,0xCC0300,0xCC0300]},
  '等':{w:26,h:12,rows:[0x30FC0,0x30FC0,0xC00C0,0xC00C0,0xFFFFFC,0xFFFFFC,0xC0,0xC0,0xFFFFFC,0xFFFFFC,0x3000,0x3000]},
  '於':{w:26,h:12,rows:[0xF00F0,0xF00F0,0xC0CF00,0xC0CF00,0xC0C000,0xC0C000,0x30C000,0x30C000,0x30C000,0x30C000,0xFC0F0,0xFC0F0]},
  '不':{w:26,h:12,rows:[0x3000,0x3000,0x3000,0x3000,0x3000,0x3000,0x300C,0x300C,0xF03030,0xF03030,0xF30C0,0xF30C0]},
  '始':{w:26,h:12,rows:[0x303FFC,0x303FFC,0x30300C,0x30300C,0xF300C,0xF300C,0xFC300C,0xFC300C,0xC33FFC,0xC33FFC,0x330000,0x330000]},
  '止':{w:26,h:12,rows:[0xFFFFFC,0xFFFFFC,0x303000,0x303000,0x303000,0x303000,0x303000,0x303000,0x303000,0x303000,0x303000,0x303000]},
  '製':{w:26,h:12,rows:[0x3FF03C,0x3FF03C,0xC03C0,0xC03C0,0xFC0C30,0xFC0C30,0x33030,0x33030,0xFFFFFC,0xFFFFFC,0x30000,0x30000]},
  '播':{w:26,h:12,rows:[0xF0FFFC,0xF0FFFC,0x30C30C,0x30C30C,0x30FFFC,0x30FFFC,0xF0C30C,0xF0C30C,0x33FFFC,0x33FFFC,0x30C30C,0x30C30C]},
  '放':{w:26,h:12,rows:[0xF3C0C,0xF3C0C,0xC0C330,0xC0C330,0xC0C0C0,0xC0C0C0,0x30C0C0,0x30C0C0,0x30C330,0x30C330,0xFC330,0xFC330]},
  '傳':{w:26,h:12,rows:[0x300CF0,0x300CF0,0x303030,0x303030,0x300030,0x300030,0x33FFFC,0x33FFFC,0x300030,0x300030,0x33FFFC,0x33FFFC]},
  '備':{w:26,h:12,rows:[0x30C30C,0x30C30C,0x30FFFC,0x30FFFC,0x30C30C,0x30C30C,0x3CFFFC,0x3CFFFC,0x33C30C,0x33C30C,0x30FFFC,0x30FFFC]},
  '份':{w:26,h:12,rows:[0x30C3C0,0x30C3C0,0x30C030,0x30C030,0x303030,0x303030,0x303030,0x303030,0x303030,0x303030,0x33FFFC,0x33FFFC]},
  '還':{w:26,h:12,rows:[0xC0FFFC,0xC0FFFC,0x33030C,0x33030C,0xCF330,0xCF330,0xC0F0C,0xC0F0C,0xFC3FF0,0xFC3FF0,0x3030,0x3030]},
  '原':{w:26,h:12,rows:[0x3C00,0x3C00,0xCC0C0C,0xCC0C0C,0xC30C30,0xC30C30,0x300C00,0x300C00,0x33FFF0,0x33FFF0,0x330030,0x330030]},
  '密':{w:26,h:12,rows:[0x3FFFF0,0x3FFFF0,0x303030,0x303030,0x303030,0x303030,0x3000,0x3000,0xFF0FF0,0xFF0FF0,0xF030,0xF030]},
  '碼':{w:26,h:12,rows:[0x3F00F0,0x3F00F0,0x33330C,0x33330C,0x33330C,0x33330C,0x33000C,0x33000C,0xF3FFFC,0xF3FFFC,0x3FC300,0x3FC300]},
  '鎖':{w:26,h:12,rows:[0xFF300C,0xFF300C,0xC0C30,0xC0C30,0xCC0000,0xCC0000,0xCF3FFC,0xCF3FFC,0xC300C,0xC300C,0xFF3FFC,0xFF3FFC]},
  '解':{w:26,h:12,rows:[0xC3C0C0,0xC3C0C0,0xC0C0C0,0xC0C0C0,0xFFCFFC,0xFFCFFC,0xCCC0C0,0xCCC0C0,0xCCCCC0,0xCCCCC0,0xFFCFFC,0xFFCFFC]},
  '退':{w:26,h:12,rows:[0xC0FFFC,0xC0FFFC,0x330000,0x330000,0xC3F0C,0xC3F0C,0xC3030,0xC3030,0xFC30CC,0xFC30CC,0x330C,0x330C]},
  '正':{w:26,h:12,rows:[0xFFFFFC,0xFFFFFC,0xC3000,0xC3000,0xC3000,0xC3000,0xC3000,0xC3000,0xC3000,0xC3000,0xC3FF0,0xC3FF0]},
  '負':{w:26,h:12,rows:[0xF0003C,0xF0003C,0xC00C0,0xC00C0,0x3FFFF0,0x3FFFF0,0x300030,0x300030,0x3FFFF0,0x3FFFF0,0x300030,0x300030]},
  '離':{w:26,h:12,rows:[0xC03FFC,0xC03FFC,0xCFCC30,0xCFCC30,0xCC0C30,0xCC0C30,0xFFFFFC,0xFFFFFC,0x30C30,0x30C30,0xFFFC30,0xFFFC30]},
  '裝':{w:26,h:12,rows:[0x3FF03C,0x3FF03C,0xC03C0,0xC03C0,0xFC0C30,0xFC0C30,0x33030,0x33030,0xFFFFFC,0xFFFFFC,0x30C000,0x30C000]},
  '置':{w:26,h:12,rows:[0xFFFFFC,0xFFFFFC,0xC00C0,0xC00C0,0xFFFC0,0xFFFC0,0xC00C0,0xC00C0,0xFFFC0,0xFFFC0,0xC00C0,0xC00C0]},
  '系':{w:26,h:12,rows:[0xC0300C,0xC0300C,0x303030,0x303030,0xC30C0,0xC30C0,0x3000,0x3000,0xFFFFFC,0xFFFFFC,0xC030,0xC030]},
  '統':{w:26,h:12,rows:[0xFC0FC,0xFC0FC,0xCC30CC,0xCC30CC,0xCC0CC0,0xCC0CC0,0xC0CC0,0xC0CC0,0xFFCCCC,0xFFCCCC,0x303FCC,0x303FCC]},
  '記':{w:26,h:12,rows:[0xFF3FFC,0xFF3FFC,0xC3300C,0xC3300C,0xC3300C,0xC3300C,0xFF3000,0xFF3000,0x3000,0x3000,0x3000,0x3000]},
  '憶':{w:26,h:12,rows:[0xC3FCC,0xC3FCC,0xF3030,0xF3030,0xC3300,0xC3300,0xCCFFFC,0xCCFFFC,0xCCC00C,0xCCC00C,0xCCFFFC,0xCCFFFC]},
  '間':{w:26,h:12,rows:[0xC3FF3C,0xC3FF3C,0xC3030C,0xC3030C,0xC3FF0C,0xC3FF0C,0xC3030C,0xC3030C,0xC3FF0C,0xC3FF0C,0xC0000C,0xC0000C]},
  '處':{w:26,h:12,rows:[0xF0FFC,0xF0FFC,0xC0F000,0xC0F000,0xCF333C,0xCF333C,0x333330,0x333330,0x33FFFC,0x33FFFC,0x30C00C,0x30C00C]},
  '理':{w:26,h:12,rows:[0xFFFC,0xFFFC,0xFC0300,0xFC0300,0x300300,0x300300,0x30FFFC,0x30FFFC,0x300300,0x300300,0xFCFFFC,0xFCFFFC]},
  '核':{w:26,h:12,rows:[0xCF00C,0xCF00C,0xC0F30,0xC0F30,0xCC00C0,0xCC00C0,0xCF3C30,0xCF3C30,0x3C030C,0x3C030C,0x3C0CC0,0x3C0CC0]},
  '謝':{w:26,h:12,rows:[0xFF0F3C,0xFF0F3C,0xCCC30C,0xCCC30C,0xCC330C,0xCC330C,0xFFFF0C,0xFFFF0C,0xC33C,0xC33C,0xFFCC,0xFFCC]},
  '歡':{w:26,h:12,rows:[0x3FF00C,0x3FF00C,0x30CC0C,0x30CC0C,0x30C330,0x30C330,0x3FF330,0x3FF330,0xF0C0C0,0xF0C0C0,0x3FFCC0,0x3FFCC0]},
  '迎':{w:26,h:12,rows:[0xC0FFFC,0xC0FFFC,0x330000,0x330000,0xC0300,0xC0300,0xCF33C,0xCF33C,0xFCCF0C,0xFCCF0C,0xC30C,0xC30C]},
  '您':{w:26,h:12,rows:[0xC0FFC0,0xC0FFC0,0x33000C,0x33000C,0x30C30,0x30C30,0x3000,0x3000,0x0,0x0,0x330F0C,0x330F0C]},
  '再':{w:26,h:12,rows:[0x3000F0,0x3000F0,0x300030,0x300030,0x300030,0x300030,0xFFFFFC,0xFFFFFC,0x303030,0x303030,0x303030,0x303030]},
  '見':{w:26,h:12,rows:[0xF00FFC,0xF00FFC,0xC0C0C,0xC0C0C,0x30C0C,0x30C0C,0xFFFC0,0xFFFC0,0xC00C0,0xC00C0,0xC00C0,0xC00C0]},
  '你':{w:26,h:12,rows:[0x303F00,0x303F00,0x300300,0x300300,0x33030C,0x33030C,0x33030C,0x33030C,0x30C330,0x30C330,0x30C330,0x30C330]},
  '我':{w:26,h:12,rows:[0x3C3C0C,0x3C3C0C,0xC0330,0xC0330,0xC00C0,0xC00C0,0xFC00C0,0xFC00C0,0xFC330,0xFC330,0xC0330,0xC0330]},
  '他':{w:26,h:12,rows:[0x30FFFC,0x30FFFC,0x30C00C,0x30C00C,0x30CC0C,0x30CC0C,0x30CC00,0x30CC00,0x30CCF0,0x30CCF0,0x30CC30,0x30CC30]},
  '她':{w:26,h:12,rows:[0x303FFC,0x303FFC,0x30300C,0x30300C,0xF3000,0xF3000,0xFC3300,0xFC3300,0xC3333C,0xC3333C,0x33330C,0x33330C]},
  '它':{w:26,h:12,rows:[0x3FFF0,0x3FFF0,0xC0030,0xC0030,0xC0030,0xC0030,0xC0000,0xC0000,0xFF000,0xFF000,0xC0FC0,0xC0FC0]},
  '們':{w:26,h:12,rows:[0x30C03C,0x30C03C,0x30C00C,0x30C00C,0x30C00C,0x30C00C,0x30C00C,0x30C00C,0x30C00C,0x30C00C,0x30C00C,0x30C00C]},
  '的':{w:26,h:12,rows:[0x3C0,0x3C0,0xFF0030,0xFF0030,0xC3000C,0xC3000C,0xC3000C,0xC3000C,0xC3030C,0xC3030C,0xFF0C0C,0xFF0C0C]},
  '在':{w:26,h:12,rows:[0xCFFFC,0xCFFFC,0xC0300,0xC0300,0xC0300,0xC0300,0xCC0300,0xCC0300,0x3C0300,0x3C0300,0xCFFFC,0xCFFFC]},
  '有':{w:26,h:12,rows:[0x300F0,0x300F0,0x30030,0x30030,0x3FFF0,0x3FFF0,0x30030,0x30030,0xF3FFF0,0xF3FFF0,0xF0030,0xF0030]},
  '這':{w:26,h:10,rows:[0xC0FFFC,0xC0FFFC,0x330000,0x330000,0xC3FF0,0xC3FF0,0xC3030,0xC3030,0xFC3FF0,0xFC3FF0]},
  '那':{w:26,h:12,rows:[0xF0300,0xF0300,0xC0C3F0,0xC0C3F0,0xC0330C,0xC0330C,0x30330C,0x30330C,0xFFF30C,0xFFF30C,0xC3330,0xC3330]},
  '什':{w:26,h:12,rows:[0x300300,0x300300,0x300300,0x300300,0x300300,0x300300,0x300300,0x300300,0x300300,0x300300,0x300300,0x300300]},
  '麼':{w:26,h:12,rows:[0xFFFFC,0xFFFFC,0xC0CC30,0xC0CC30,0xC30300,0xC30300,0x30C0C0,0x30C0C0,0x3CCCCC,0x3CCCCC,0x33CCCC,0x33CCCC]},
  '為':{w:26,h:12,rows:[0xF0,0xF0,0x33330C,0x33330C,0x33330C,0x33330C,0xC0000C,0xC0000C,0x3FFFFC,0x3FFFFC,0xC0030,0xC0030]},
  '怎':{w:26,h:12,rows:[0xC0FFC0,0xC0FFC0,0x33000C,0x33000C,0x30C30,0x30C30,0x3000,0x3000,0xC000,0xC000,0xC0FFF0,0xC0FFF0]},
  '可':{w:26,h:12,rows:[0xFC0,0xFC0,0xC0,0xC0,0xC0,0xC0,0x3FC0C0,0x3FC0C0,0x30C0C0,0x30C0C0,0x30C0C0,0x30C0C0]},
  '以':{w:26,h:12,rows:[0xF00C,0xF00C,0xF00C0C,0xF00C0C,0x3F0330,0x3F0330,0x30F0C0,0x30F0C0,0x3000C0,0x3000C0,0x300030,0x300030]},
  '要':{w:26,h:12,rows:[0x3F03F0,0x3F03F0,0xFC00,0xFC00,0xF0300,0xF0300,0x300C0,0x300C0,0xFFFFFC,0xFFFFFC,0xC000,0xC000]},
  '也':{w:26,h:12,rows:[0x3FFFC,0x3FFFC,0xC000C,0xC000C,0xC300C,0xC300C,0xC3000,0xC3000,0xC30F0,0xC30F0,0xC3030,0xC3030]},
  '都':{w:26,h:12,rows:[0x3FF300,0x3FF300,0x3033F0,0x3033F0,0x3FF30C,0x3FF30C,0xF0330C,0xF0330C,0x3FF30C,0x3FF30C,0xC0330,0xC0330]},
  '沒':{w:26,h:12,rows:[0xC3F03C,0xC3F03C,0x300FC0,0x300FC0,0xC30C0,0xC30C0,0x3030,0x3030,0xFFF0,0xFFF0,0x300000,0x300000]},
  '很':{w:26,h:12,rows:[0x30FC0C,0x30FC0C,0x30C030,0x30C030,0x30C0C0,0x30C0C0,0x30C330,0x30C330,0xF0C30C,0xF0C30C,0x30FFF0,0x30FFF0]},
  '地':{w:26,h:12,rows:[0x3FFC,0x3FFC,0xF0300C,0xF0300C,0xF3000,0xF3000,0xC3300,0xC3300,0xC333C,0xC333C,0xC330C,0xC330C]},
  '方':{w:26,h:12,rows:[0x3F00,0x3F00,0xC00C0,0xC00C0,0xC0030,0xC0030,0x30030,0x30030,0x30030,0x30030,0xC030,0xC030]},
  '人':{w:26,h:12,rows:[0xC0000C,0xC0000C,0x300030,0x300030,0xC00C0,0xC00C0,0x30300,0x30300,0x30300,0x30300,0xCC00,0xCC00]},
  '家':{w:26,h:12,rows:[0xF000,0xF000,0xFC0C3C,0xFC0C3C,0x3CCC0,0x3CCC0,0x3F00,0x3F00,0x3F0CC0,0x3F0CC0,0xF030,0xF030]},
  '事':{w:26,h:12,rows:[0x3F000,0x3F000,0x3000,0x3000,0x3FFFF0,0x3FFFF0,0x3030,0x3030,0xFFFFFC,0xFFFFFC,0x3030,0x3030]},
  '情':{w:26,h:12,rows:[0xC300C,0xC300C,0xC3FFC,0xC3FFC,0xC300C,0xC300C,0xCC3FFC,0xCC3FFC,0xCC300C,0xCC300C,0xCCFFFC,0xCCFFFC]},
  '看':{w:26,h:12,rows:[0x3FFF0,0x3FFF0,0x30030,0x30030,0xF3FFF0,0xF3FFF0,0xF0030,0xF0030,0x3FFF0,0x3FFF0,0xC000,0xC000]},
  '道':{w:26,h:12,rows:[0xC0FFFC,0xC0FFFC,0x330000,0x330000,0xC3FF0,0xC3FF0,0xC3030,0xC3030,0xFC3030,0xFC3030,0x3FF0,0x3FF0]},
  '文':{w:26,h:12,rows:[0xFC00FC,0xFC00FC,0x3CF00,0x3CF00,0x3000,0x3000,0xCC00,0xCC00,0xC300,0xC300,0x30300,0x30300]},
  '像':{w:26,h:12,rows:[0x300F00,0x300F00,0x33C0CC,0x33C0CC,0x303CF0,0x303CF0,0x33C3CC,0x33C3CC,0x3030C0,0x3030C0,0x30FFFC,0x30FFFC]},
  '素':{w:26,h:12,rows:[0xF0303C,0xF0303C,0xC30C0,0xC30C0,0xFFFFFC,0xFFFFFC,0xC3030,0xC3030,0x30C00,0x30C00,0xFFFFFC,0xFFFFFC]},
  '螢':{w:26,h:12,rows:[0xFFFFFC,0xFFFFFC,0x300C,0x300C,0xFFFC0,0xFFFC0,0xC30C0,0xC30C0,0xFFFC0,0xFFFC0,0xC0300C,0xC0300C]},
  '幕':{w:26,h:12,rows:[0xC33C0,0xC33C0,0xC30C0,0xC30C0,0xCC30CC,0xCC30CC,0x3FFFF0,0x3FFFF0,0xC30C0,0xC30C0,0xFFFFFC,0xFFFFFC]}
};
size=24: 363 glyphs, 0 skipped

function cubic11Grid(ch, size) {
  const t = CUBIC11[size]; if (!t) return null;
  const g = t[ch]; if (!g) return null;
  const {w, h, rows} = g;
  return rows.map(row => Array.from({length:w}, (_,x) => (row >>> (w-1-x)) & 1));
}

function cubic11Text(text, size, spacing) {
  const sp = (spacing !== undefined ? spacing : 1);
  const grids = [];
  for (const ch of text) {
    grids.push(cubic11Grid(ch, size) || cubic11Grid(' ', size) || [[0]]);
  }
  if (!grids.length) return null;
  const h = Math.max(...grids.map(g => g.length));
  const totalW = grids.reduce((s,g) => s+(g[0]?.length||0), 0) + (grids.length-1)*sp;
  const out = Array.from({length:h}, () => new Array(totalW).fill(0));
  let x = 0;
  for (const g of grids) {
    const cw = g[0]?.length||0, ch2 = g.length, yOff = h - ch2;
    for (let y=0; y<ch2; y++) for (let cx=0; cx<cw; cx++) out[yOff+y][x+cx] = g[y][cx];
    x += cw + sp;
  }
  let top=h, bot=-1;
  for (let y=0;y<h;y++) for (let cx=0;cx<totalW;cx++) if(out[y][cx]){if(y<top)top=y;if(y>bot)bot=y;}
  if(bot<0) return {grid:[[0]],width:1,height:1};
  return {grid:out.slice(top,bot+1), width:totalW, height:bot-top+1};
}
